Xv5EbpcAAAAJ	Taber LA	biomechanics, morphogenesis	BME	Y
E0nK44AAAAAJ	Jin-Yu Shao, PhD	Mechanics of Single Cells and Molecules	BME	Y
3ro8yF4AAAAJ	Baranidharan Raman	Systems neuroscience, machine learning, sensor-based machine olfaction, biomedical intelligent systems, and dynamical systems.	BME	Y
3-y3qmkAAAAJ	Xuan Zhang	Computer Architecture, VLSI Design, Embedded Systems, Robotics	ESE	Y
VtIzUZEAAAAJ	Oscar C. Gouveia-Filho	Microeletrônica	N/A	N
6ZHvHDEAAAAJ	Svilen Kanev	Computer Architecture	N/A	N
G7D5O-0AAAAJ	Chris Gill	Real-Time Systems, Cyber-Physical Systems, Middleware, Operating Systems, Virtualization	CS	Y
Pi012CQAAAAJ	Joseph Zambreno	Electrical and Computer Engineering	N/A	N
XzBeCwIAAAAJ	Phillip H. Jones	Reconfigurable Computing, Embedded Systems	N/A	N
d9f_YvcAAAAJ	Shirley Dyke	Structural Dynamics & Vibrations, Earthquake Engineering, Cyberinfrastructure, Structural Control, Monitoring	N/A	N
P19O_H8AAAAJ	Michael Atighetchi	Cross Domain Information Sharing, Cyber Quantification	N/A	N
OHulCmEhMosC	Meng Xu	Cyber Physical Systems, Embedded System, Virtualization Systems, Real-Time Systems, CPS Security	N/A	N
uwzBnJwAAAAJ	Cesar Sanchez	Formal Methods, Logic, Reactive Systems, Computer Science	N/A	N
qPlUgrgAAAAJ	Insup Lee	Real-time systems, Real-Time Embedded Systems, Cyber Physical Systems, runtime verification, trust management	N/A	N
ojH7GEgAAAAJ	Linh Thi Xuan Phan	real-time systems, embedded systems, cyber-physical systems, formal methods, distributed systems	N/A	N
J0SKz5YAAAAJ	Oleg Sokolsky	Software design and software architecture for embedded systems, formal methods, runtime verification	N/A	N
sWCpXFgAAAAJ	William D Smart	Robotics, Machine Learning	N/A	N
uVBjUtAAAAAJ	Robert Pless	computer vision, graph theory, sensor networks, citizen science	N/A	N
CYwffSUAAAAJ	Abusayeed Saifullah	Low-power wide-area network, cyber-physical systems, real-time systems, Internet of Things, parallel and distributed computing	N/A	N
kI5JKs8AAAAJ	Guoliang Xing	Smart Health, Smart Cities, Cyber-Physical Systems, Sensor Networks, Wireless Networks	N/A	N
yvvjnhIAAAAJ	Aniruddha Gokhale	Distributed Systems, Distributed Computing, Cloud Computing, Design Patterns	N/A	N
amXgr0gAAAAJ	Sisu Xi	Real Time Systems, Virtualization, Scheduling, Networking, Cloud Computing	N/A	N
88L1-JYAAAAJ	Xiaorui Wang	Power Management, Data Centers, Real-Time Embedded Systems, Computer Architecture, Computer Systems	N/A	N
eFjZ6jAAAAAJ	Jing Li	parallel computing, real-time systems, cyber-physical systems	N/A	N
W362rUwAAAAJ	Kunal Agrawal	Parallel Computing, Algorithms	CS	Y
8GA4R2wAAAAJ	Douglas Schmidt	Pattern-oriented middleware, Java/Android concurrency, Industrial Internet of Things, distributed real-time and embedded systems	N/A	N
tCq7Wx0AAAAJ	Chenyang Lu	Real-Time Systems, Wireless Sensor Networks, Wireless Health, Internet of Things, Cyber-Physical Systems	CS	Y
DOdE7bsAAAAJ	Dolvara Gunatilaka	N/A	N/A	N
KQmFXsoAAAAJ	Eric (You) Xu	artificial intelligence, automated planning, nonlinear optimization, sensor network	N/A	N
enpgnuQAAAAJ	Qingfeng Huang	mobile computing, sensor networks, distributed computing, ad hoc networks, physics	N/A	N
VMFWEMcAAAAJ	Thomas C. Bailey	N/A	N/A	N
YOZbkCEAAAAJ	Gang Tao	adaptive control, multivariable control, nonlinear control, robotics, real-time systems	N/A	N
hVZiQDQAAAAJ	Mo Sha	Wireless Networks, Internet of Things, Embedded and Real-Time Systems, and Cyber-Physical Systems	N/A	N
NHZdlVkAAAAJ	Xenofon Koutsoukos	N/A	N/A	N
hc1m_BQAAAAJ	Tian He	Cyber Physical Systems, IOT, Wireless Sensor Networks, Real-time Systems	N/A	N
pHox8i0AAAAJ	Sang H Son	N/A	N/A	N
uBbYp8gAAAAJ	Octav Chipara	Wireless Sensor Networks, Embedded Systems, Wireless Health, Cyber-physical systems	N/A	N
NByrsK0AAAAJ	Yixin Chen	N/A	CS	Y
DhckaXkAAAAJ	xiaohua xu	Neuroscience	N/A	N
3L2Ih0wAAAAJ	Joseph O. Deasy, PhD	medical physics, statistical modeling, machine learning, cancer biology, radiobiology	N/A	N
f0DADzYAAAAJ	Ruibin Xi	N/A	N/A	N
2F-jTfEAAAAJ	Yi Pan	Big Data, Cloud Computing, Bioinformatics, Wireless Networks	N/A	N
kR7DersAAAAJ	Minmin Chen	Machine Learning	N/A	N
vuKTnnsAAAAJ	Weixiong Zhang	computational biology, artificial intelligence	CS	Y
d6maXN8AAAAJ	Ramanjulu Sunkar	Abiotic Stress, MicroRNAs, Plant Molecular Biology	N/A	N
Kv9AbjMAAAAJ	Jiawei Han	data mining, database systems, data warehousing, information networks	N/A	N
mL6QKeQAAAAJ	Guozhu Dong	data mining, machine learning, database, bioinformatics, data science	N/A	N
rYsw7D4AAAAJ	Ruoyun Huang	Artificial Intelligence	N/A	N
WL8igVEAAAAJ	Benjamin W. Wah	Artificial intelligence, multimedia	N/A	N
cA28Zs0AAAAJ	Tarek Abdelzaher	Real-time Systems, wireless sensor networks, cyber-physical systems, embedded systems, social sensing	N/A	N
4VJre9IAAAAJ	John Stankovic	wireless sensor networks, cyber physical systems, real-time systems	N/A	N
c8W5RkcAAAAJ	liu ke	High Performance and Energy Efficient Deep Neural Network Hardware Design	N/A	N
Pwd7hJYAAAAJ	Elizabeth Farrell Helbling	Robotics, MAV, Controls	N/A	N
q9lNC6QAAAAJ	Yazhou Zu	Computer Architecture, Power/Energy Efficient Microprocessor, Specialized Processor Architectures	N/A	N
gy4UVGcAAAAJ	Vijay Janapa Reddi	Computer Architecture	N/A	N
L1y8y2MAAAAJ	Jingwen Leng	Computer Architecture	N/A	N
9EWtXi0AAAAJ	An Zou	Computer Architecture, Embedded Systems, Robotics	N/A	N
j1uE6L0AAAAJ	Andre Harrison	computer vision, signal processing	N/A	N
yJLnv4QAAAAJ	Guihai Yan	Efficient & Resilient Computer Architecture	N/A	N
FTYtHb4AAAAJ	Robert J Wood	Robotics	N/A	N
cO2uYoAAAAAJ	Brandon Reagen	Computer Architecture, ML, VLSI	N/A	N
lf9ZK78AAAAJ	Rajeev Kumar Dokania	Analog Circuit Design, UWB Impulse Radio, Optical Interconnet, High Speed Serial IO, ESD Design	N/A	N
MbyxwN0AAAAJ	Ishita Mukhopadhyay	mixed signal design, analog design, I/O	N/A	N
9xtHahMAAAAJ	Xin He	Low power design, Approximate computing, Computer vision	N/A	N
PUnHU8UAAAAJ	Sae Kyu Lee	N/A	N/A	N
IR0yJB8AAAAJ	Gu-Yeon Wei	integrated circuits, computer architecture	N/A	N
WZ0030cAAAAJ	Alyssa Apsel	N/A	N/A	N
vXHA_XYAAAAJ	David Brooks	Computer Architecture	N/A	N
OjHwJN0AAAAJ	Shen Zeng	Control Theory, Applied Mathematics	ESE	Y
RBQ_K40AAAAJ	Su Huang	electrooptic polymers, photovoltaic cells, photonics, processing, device fabrication	ESE	Y
HQeEzR0AAAAJ	William D. Richard	Ultrasonic Imaging	CS	Y
nk3OcBoAAAAJ	Eric Leuthardt	Brain Computer Interface, Cortical Physiology, ECoG, Electrocorticography, Resting State MRI	N/A	N
Cgx9W6UAAAAJ	Jonathan Turner	Networking, algorithms, switching systems, routers, data communications	CS	Y
_5tjpG0AAAAJ	Eileen Kraemer	Human aspects of software development, human aspects of bioinformatics	N/A	N
JQsX7rAAAAAJ	giuseppe bianchi	networking, wireless networks, network security	N/A	N
bYlFzsYAAAAJ	Kohei Shiomoto	Internet, traffic analysis, optical networking, network management	N/A	N
pkjoANMAAAAJ	Michela Becchi	parallel computing, heterogeneous computing, runtime systems, networking systems, algorithm acceleration	N/A	N
-N-_kgsAAAAJ	Brandon Heller	Networks, Energy, Data Centers, Software-Defined Networks	N/A	N
SHb2ZlMAAAAJ	Dan Lenoski	Networking, Computer Architecture, Multiprocessors, Fault Tolerance	N/A	N
hiGGy0kAAAAJ	Sergey Gorinsky	computer networks, distributed systems, network economics	N/A	N
rnR3JrYAAAAJ	George Varghese	Networking	N/A	N
EySbr8sAAAAJ	Marcel Waldvogel	Computer Networking, Internet, Security, Privacy	N/A	N
MMuP6cMAAAAJ	Tilman Wolf	computer networks, embedded systems, security	N/A	N
mhTBmDkAAAAJ	Dr. Haoyu Song	Network	N/A	N
SqMUez0AAAAJ	Nick McKeown	N/A	N/A	N
Qf4bw4UAAAAJ	Hari Balakrishnan	Networked computer systems, wireless networks, network architecture, mobile computing	N/A	N
07ds-DAAAAAJ	Jennifer Rexford	Networking, Computer Networks, Internet Routing, Network Management	N/A	N
n6wC7nwAAAAJ	Patrick Crowley	networking, systems, security, high-speed networking, network processors	CS	Y
MYqlcPgAAAAJ	Thomas Anderson	Distributed Systems, Networking, Operating Systems	N/A	N
hmq4rGIAAAAJ	Larry Peterson	Distributed Systems, Networks, Operating Systems	N/A	N
GUAoEcAAAAAJ	Scott Shenker	N/A	N/A	N
-NdFqI_E8z4C	Lei Sun 孙雷 孫雷	Biomedical Engineering	N/A	N
VIr4TMBUwG0C	Stephen V. Cole	parallel programming, GPU, SIMD, C	CS	Y
0gkajvEAAAAJ	Jacob Gardner	Machine Learning, Artificial Intelligence	N/A	N
yQXfAWMAAAAJ	Jeremy Buhler	computer science, parallel computing, computational biology, bioinformatics	CS	Y
0oqBHGIAAAAJ	Patricia B. Weisensee	Phase Change Heat Transfer, Experimental Fluid Dynamics, Wetting, Droplet Impact, Dropwise Condensation	MEMS	Y
85EVVHQAAAAJ	Jessica Wagenseil	vascular mechanics	MEMS	Y
0HhpXIwAAAAJ	Srikanth Singamaneni	N/A	MEMS	Y
LwNkL3cAAAAJ	Amit Pathak	cell mechanics, mechanobiology, biomechanics	MEMS	Y
SyQ-T8cAAAAJ	William Ronan	Solid mechanics, Micromechanics, Biomechanics, Finite element analysis	N/A	N
Lym3wGUAAAAJ	Patrick McGarry	Biomechanics, Solid mechanics, Computational modelling	N/A	N
INUmPLsAAAAJ	Gregory Longmore	cell adhesion and cell migration, cancer metastasis	N/A	N
M9RDPB0AAAAJ	Wesley R Legant	Cell Mechanics, Imaging	N/A	N
WLcdlLwAAAAJ	Samila Nasrollahi	Tissue engineering, Biomaterials, Mechanotransduction, Cell migration	N/A	N
-6maX04AAAAJ	Christopher S. Chen, M.D., Ph.D.	Systems Mechanobiology, Adhesion Biology, Tissue Engineering	N/A	N
KbaDWTMAAAAJ	Sanjay Kumar	Molecular and Cellular Bioengineering, Biomaterials, Cancer Biology, Stem Cells	N/A	N
VIwGymEAAAAJ	Vikram S. Deshpande	Solid Mechanics, Materials, Biomechanics, Mechanics of Materials	N/A	N
g_JVzmIAAAAJ	Robert M. McMeeking	solid mechanics, mechanics of materials, fracture, biomaterials, composites	N/A	N
1wwD728AAAAJ	Ruth J. Okamoto	biomechanics	MEMS	Y
DYZsiAIAAAAJ	Rohan Mishra	Materials Design, Electronic Structure, Electron Microscopy	MEMS	Y
jry1jnEAAAAJ	Steven T. Hartman	Materials science, DFT, atomistic modeling	N/A	N
SBVuIBwAAAAJ	Anupriya Agrawal	Multiscale modelling, Computational Materials Science, Polymers, Bulk Metallic Glasses	N/A	N
b2eSw60AAAAJ	Guangfu Luo	Computational Materials Science, Growth Dynamics, Defect Thermodynamics, Spectroscopy, Many-body Effects	N/A	N
-809YacAAAAJ	Jordan Adam Hachtel	Electron Microscopy, Monochromated EELS, Optical Properties	N/A	N
tyYtUNIAAAAJ	Pratim Biswas	Chemical Engineering, Environmental Engineering, Aerosol Science and Technology, Energy, Nanotechnology	ECE	Y
1qqf7D0AAAAJ	Katharine Flores	Materials Science and Engineering	MEMS	Y
9ADkQMAAAAAJ	Clarissa A Yablinsky	Mechanical Behavior, Nuclear Materials	N/A	N
hs5358sAAAAJ	Wendelin J. Wright	Materials Science and Engineering	N/A	N
XLU7AuYAAAAJ	Takeshi Egami	Condensed matter physics, materials science	N/A	N
UuSk_zkAAAAJ	Emmanuelle A Marquis	microstructures, phase transformations, oxidation, radiation, corrosion	N/A	N
ektlMjQAAAAJ	Allen Hunter	electron microscopy, atom probe tomography, metallurgy	N/A	N
qrHidmsAAAAJ	Oleg N. Senkov	Materials Science and Metallurgical Engineering	N/A	N
jDKM_4AAAAAJ	K. F. Kelton	Nucleation, metallic glasses, liquid structrues	N/A	N
Z_jPrx8AAAAJ	William L. Johnson	Materials Science	N/A	N
PafZ2Z4AAAAJ	Logan Ward	N/A	N/A	N
f3dhjoYAAAAJ	Douglas Hofmann	bulk metallic glass	N/A	N
AsMU1QsAAAAJ	Daniel Miracle	metallurgy, metallic glass, materials science	N/A	N
27EtyNkAAAAJ	Stephen C. Glade	N/A	N/A	N
DFI13oQAAAAJ	Biraja Kanungo	Materials Science & Engineering	N/A	N
vME86a4AAAAJ	Wolfgang Windl	Computational materials science	N/A	N
IHUOFK4AAAAJ	Yangchuan Xing	Electrochemical engineering, electrocatalysis, particle technology, sustainable manufacturing	N/A	N
jtOKGpIAAAAJ	Digbijoy Nath	Semiconductor devices, GaN and III-nitride alloys, Gallium Oxide	N/A	N
PfEES2EAAAAJ	Xing Huang	Computational Materials Science, Electron Microscopy	N/A	N
ZOh4TtIAAAAJ	Jaume Gazquez	STEM, EELS, COMPLEX OXIDES	N/A	N
SSb4uV4AAAAJ	Sung Beom Cho	Computational Materials Science	N/A	N
-cuxoSQAAAAJ	Sergei V. Kalinin	scanning probe microscopy, electron microscopy, machine learning, ferroelectrics, atomic fabrication	N/A	N
IY3CBewAAAAJ	Arashdeep Singh Thind	Density functional theory, Electron microscopy, Materials design	N/A	N
dMVI-XIAAAAJ	Oscar D. Restrepo	N/A	N/A	N
--VLCRoAAAAJ	Young-Min Kim	(Scanning) Transmission Electron Microscopy, Materials Science, Nanomaterials, Complex Oxides	N/A	N
5P3knO0AAAAJ	Juan-Carlos Idrobo	Physics, Electron Spectroscopy, Electron Microscopy	N/A	N
loPUpHQAAAAJ	Albina Borisevich	electron microscopy, complex oxides	N/A	N
UnDfo6sAAAAJ	Stephen Pennycook	Atomic resolution imaging and analysis	N/A	N
forPRN8AAAAJ	Sokrates T Pantelides	N/A	N/A	N
ln3BGqgAAAAJ	John Mark Meacham	N/A	MEMS	Y
AInPEpIAAAAJ	Mingyang Cui	MEMS, Microfluidics, Two-phase Flow	N/A	N
7Rh9iP0AAAAJ	Karthik Tappa	3D printing, Bioprinting, Anatomical Modeling, Drug Delivery, Nanotechnology	N/A	N
Z0uxspMAAAAJ	Jeffery Adam Weisman, MD, PhD, JD	Bioactive 3D Printing, Additive Manufacturing	N/A	N
Qth4UmoAAAAJ	Uday Jammalamadaka	3d printing, Biomaterials, Bioprinting, Drug delivery systems, Scaffold fabrication	N/A	N
ymDJ6oIAAAAJ	Javier Atencia	Transport Phenomena, Microfluidic Technology, Electromagnetic Drives	N/A	N
BkygZFsAAAAJ	Jack F Douglas	Material Science	N/A	N
Uk8VhXEAAAAJ	Mikhail Y. Berezin	optical imaging, chemistry, spectroscopy, peripheral nerves	N/A	N
Be1OTOcAAAAJ	Sanjeev kumar	Nuclear physics	N/A	N
e49cxvUAAAAJ	Thomas P Forbes	Transport Phenomena, Mass Spectrometry, Analytical Chemistry, MEMS, Microfluidics	N/A	N
09JS7eAAAAAJ	David Ross	Quantitative Biology, Probability Theory, Microfluidics, Emergence, Complex Adaptive Matter	N/A	N
CZFDkfEAAAAJ	Michael M. Binkley, PhD	Microfluidics, Acoustics, Antibody Drug Conjugates, Biostatistics	N/A	N
PIIoaKMAAAAJ	Facundo M. Fernández	Mass Spectrometry, Bionalytical Chemistry, Imaging, Metabolomics/Lipidomics.	N/A	N
_C33NmEAAAAJ	Srinivas Garimella	Microscale Heat Transfer, Waste Heat Recovery, Condensation, Absorption Heat Pumps, Adsorption	N/A	N
-WVPmUkAAAAJ	F. Levent Degertekin	Microsystems, MEMS, Transducers, Imaging, Waves	N/A	N
_X-PrRkAAAAJ	Andrei Fedorov	heat transfer, bioengineering, analytical chemistry, mass spectrometry, electron beam processing	N/A	N
WZ-h67UAAAAJ	Spencer P. Lake	Soft tissue biomechanics	MEMS	Y
cuRERDcAAAAJ	Kyle D Allen	Orthopaedic Research, Osteoarthritis, Degenerative Disc Disease, Temporomandibular Joint Disorders	N/A	N
dewEBisAAAAJ	Catalin R. Picu	fibrous materials, soft matter	N/A	N
5QYkLKoAAAAJ	Trevor J. Lujan	biomechanics, extracellular matrix, soft tissue, orthopaedics	N/A	N
M3he9Y8AAAAJ	Spencer Szczesny	Multiscale Biomechanics and Mechanobiology	N/A	N
VhIULXH7sLwC	ciaran simms	Injury biomechanics, tissue mechanics, device design, crash safety	N/A	N
Hzb4ZWEAAAAJ	Benjamin James Ellis	Bioengineering, Biomechanics, Computational Biomechanics, Orthopaedics	N/A	N
AYspUaEAAAAJ	Ramesh Raghupathy	Tissue mechanics, Finite element analysis, Digital image correlation, Computational modeling, Medical devices	N/A	N
y3zG4z8AAAAJ	Colleen Witzenburg	Cardiovascular Biomechanics Heterogeneity Growth and Remodeling	N/A	N
2VMMsmsAAAAJ	Edward Sander	Experimental and Computational Mechanobiology, In Vitro Systems for Studying Disease, Tissue Engineering, Wound Healing, Microsc	N/A	N
8rw_o7UAAAAJ	Mark Shephard	N/A	N/A	N
YtFi-KkAAAAJ	Jeffrey A. Weiss	biomechanics, ligaments and tendons, cartilage, angiogenesis, extracellular matrix	N/A	N
WV7XovQAAAAJ	Viktor Gruev	image sensors, polarization imaging, fluorescence, nanofabricaiton	N/A	N
LiLwnssAAAAJ	Daniel H. Cortes	cartilage, intervertebral disc, ultrasound, composites	N/A	N
w-2K0x8AAAAJ	Fei Fang	tendon, strain transfer	N/A	N
vHN9guYAAAAJ	Kristin S. Miller	Soft tissue growth and remodeling, biomechanics, tissue engineering, Women's Health, mechanobiology	N/A	N
JFqBXvcAAAAJ	Lai VK	Biomechanics, Tissue Engineering	N/A	N
j9EXF1AAAAAJ	Dawn M Elliott	biomechanical engineering, biomedical engineering, orthopaedics	N/A	N
L05BN0sAAAAJ	Victor Barocas	N/A	N/A	N
X6vPtQEAAAAJ	Louis Soslowsky	orthopaedic research, biomedical engineering, biomechanics, tendon, functional tissue engineering	N/A	N
oRlrVsAAAAAJ	Vijay Ramani	Electrochemical energy conversion and storage	ECE	Y
tHNXlAYAAAAJ	Derek Patton	Polymers, Polymer Synthesis, Polymer Surfaces, Thiol-ene Photopolymerization, Degradable	N/A	N
tWbKlfMAAAAJ	Carlo Segre	Physics, Materials Science, Debian GNU/Linux	N/A	N
C4m8TSUAAAAJ	Karim Zaghib	Energy storage, battery, electrochromic	N/A	N
gfpmAkQAAAAJ	R. A. Weiss	ionomers, polymers, viscoelasticity	N/A	N
QPzaSSsAAAAJ	Krishnan Rajeshwar	Materials Chemistry, Photoelectrochemistry, Energy	N/A	N
ZnvGMSIAAAAJ	Marc-Olivier Coppens	Nature Inspired Chemical Engineering, Diffusion, Porous Media, Catalysis and Reaction Engineering, Sustainability	N/A	N
I1RqBRoAAAAJ	Thomas F. Fuller	Fuel Cells, Batteries	N/A	N
5_2_THUAAAAJ	Jai Prakash	N/A	N/A	N
60L18i4AAAAJ	Zhongyang Wang	Anion exchange membrane, Fuel cell, Flow battery	N/A	N
6gWs-scAAAAJ	Peter Strasser	Electrochemistry, Nanomaterials, Electrocatalysis, Fuel Cells, Solar Fuels and Chemicals	N/A	N
NUD0HAkAAAAJ	Amod Kumar	Electrochemistry, material science, fuel cells, inorganic material synthesis and characterization	N/A	N
xxN4UiEAAAAJ	Venkateshkumar Prabhakaran	N/A	N/A	N
NSCF6GUAAAAJ	Guanxiong Wang	Renewable Energy, Fuel cells, Electrochemistry, Novel Catalysts, MEA Characterization	N/A	N
AQG8WlcAAAAJ	Christopher Arges	fuel cells, directed self-assembly, block copolymers, anion exchange membranes	N/A	N
g4DdvyEAAAAJ	Javier Parrondo	Chemical Engineering, electrochemistry, PEM fuel cells, solid oxide fuel cells	N/A	N
5Tw9egMAAAAJ	Peng Bai	Battery, Electrodeposition, Analytical electrochemistry, Mathematical modeling	ECE	Y
GN3C9q4AAAAJ	Jaephil Cho	battery, nanomaterials, catalysts	N/A	N
H8IzdhcAAAAJ	Sujong Chae	Lithium ion batteries, silicon, anode	N/A	N
4g7P1w4AAAAJ	Venkatasubramanian Viswanathan	Batteries, Fuel Cells, Electrocatalysis, Electric Vehicles	N/A	N
y1-vy_0AAAAJ	Edwin Khoo	chemical engineering, electrochemistry, batteries, machine learning, semiconductor manufacturing	N/A	N
jIOynFgAAAAJ	Cong Su	atomic engineering, 2D materials, electron microscope	N/A	N
ziDobv4AAAAJ	Kang Pyo So (소강표) 蘇康杓	nanocomposite, nanometals, mechanics, battery, nuclear	N/A	N
9iGjfDkAAAAJ	Guiyin Xu	Carbon materials, Supercapacitors, Lithium-ion batteries, Li-S/Se batteries, Water treatment	N/A	N
ftAplLUAAAAJ	Tolek Tyliszczak	x-ray microscopy	N/A	N
TP-Jxn4AAAAJ	Sang Chul Lee	N/A	N/A	N
zTedPdwAAAAJ	Young-Sang Yu	Magnetism, Energy Materials	N/A	N
F6tblNcAAAAJ	Norman J. Salmon	electron microscopy, material science, biology	N/A	N
Gu-FyNMAAAAJ	Daan Hein Alsem	Materials Science, Physics	N/A	N
ClBxwZkAAAAJ	Yiyang Li	N/A	N/A	N
cmedVkoAAAAJ	William Chueh	Energy materials, electrochemistry, X-ray spectroscopy, scattering and microscopy	N/A	N
ugpUWZEAAAAJ	Yi Zeng	Mathematical Modeling, Numerical Methods, Lithium Battery, Dynamical Systems, Mathematical Biology	N/A	N
a_1pZGsAAAAJ	Raymond B Smith	electrochemistry, phase transformation, energy storage materials, chemical engineering	N/A	N
bnmsbZkAAAAJ	Akihiro Kushima	in-situ TEM, strain engineering, Energy storage, Li-ion battery, Nano-mechanics	N/A	N
x3c1R2gAAAAJ	Fikile Brushett	Electrochemical Engineering, Energy Storage	N/A	N
SHVhdhoAAAAJ	Ju Li (ORCID:0000-0002-7841-8058)	Computational Materials Science, metallurgy, solid mechanics, nanocomposites, batteries	N/A	N
rcGnOdYAAAAJ	Martin Z. Bazant	electrochemistry, electrokinetics, fluid mechanics, applied mathematics, transport phenomena	N/A	N
vzxeLyIAAAAJ	Fuzhong Zhang	Synthetic Biology	ECE	Y
MO3BwFMAAAAJ	Jay Keasling	Metabolic Engineering, Synthetic Biology	N/A	N
amDW89cAAAAJ	Yinjie Tang	biotechnology	ECE	Y
emsMY_sAAAAJ	TAE SEOK MOON	Synthetic Biology, Metabolic Engineering, Protein Engineering	ECE	Y
kBiBksMAAAAJ	Marcus Foston	Polymer Chemistry, Biofuel Production, Biomaterials, Renewable Materials, Green Chemistry	ECE	Y
OcNPtuUAAAAJ	Kimberly M Parker	Environmental Organic Chemistry	ECE	Y
fHaJ7PMAAAAJ	Fangqiong Ling	environmental microbiology, microbial ecology, engineering	ECE	Y
Yj6j5xgAAAAJ	Rachel Whitaker	Microbial evolution, host-pathogen interactions, genomics	N/A	N
mWcHXJcAAAAJ	W.G.J. van der Meer	N/A	N/A	N
6RwHMzQAAAAJ	Guillermo L. Monroy	Optical Imaging, medicine, primary care, sensors, automation	N/A	N
-ETXWrIAAAAJ	Dao Janjaroen	Environmental Science, Water Treatment Technology, Biofilm Application, Waste Management	N/A	N
-iqhJgQAAAAJ	Thanh H.(Helen) Nguyen	pathogens, food safety, water reuse	N/A	N
-iEm2rUAAAAJ	Frederik Hammes	Drinking water microbiology, Flow Cytometry	N/A	N
olCWoa8AAAAJ	Nico Boon	microbiology, environmental biotechnology, microbial ecology, wastewater treatment, environmental microbiology	N/A	N
86AWJ58AAAAJ	Gang Liu	drinking water distribution system, environmental microbiology	N/A	N
W_6Skd4AAAAJ	Peiying Hong/ Pei-Ying Hong	Applied environmental microbiology, water quality, water reuse, antibiotic resistance, anaerobic processes	N/A	N
UcbMN8QAAAAJ	Gary Andersen	microbial ecology	N/A	N
5ZpsRswAAAAJ	Wen-Tso Liu	Environmental Microbiology, Microbial Ecology, Biotechnology, Environmental Engineering	N/A	N
yC-70wMAAAAJ	Young-Shin Jun	Environmental Nanochemistry, Environmental Interfaces, Nucleation, Water Reuse and Membrane, CO2 Sequestration	ECE	Y
bWOQjSIAAAAJ	Zhen (Jason) He 贺震	Environmental Engineering, Environmental Biotechnology, Resource Recovery, Bioelectrochemical System, Water-Energy Nexus	ECE	Y
_sz6oIoAAAAJ	Yiran Tong	Water and Waste Water Treatment, Groundwater Remediation	N/A	N
BIpt-3MAAAAJ	Carlos Dosoretz	Environmental Biotechnology	N/A	N
VVYP3bgAAAAJ	Jinjun Kan	Environmental Microbiology and Molecular Microbial Ecology	N/A	N
n-Ny3GEAAAAJ	Syeed Md Iskander	Resource recovery, Bioelectrochemical systems, Anaerobic Biotechnology, Advanced oxidation, Membrane fabrication and application	N/A	N
ZmiirIwAAAAJ	Yang Hou	Two-dimensional Hybrid Nanomaterials for Photoelectrochemical water splitting	N/A	N
55pOyCkAAAAJ	Kenneth H. Nealson	environmental microbiology, bioluminescence, geobiology	N/A	N
IZPamgMAAAAJ	John Novak	slduge processing, biological wastewater treatment	N/A	N
iSq5G8cAAAAJ	Shelley Minteer	biofuel cells, biosensors, bioelectrocatalysis, electroanalysis, electrochemistry	N/A	N
Qnzt2JkAAAAJ	Xiaojin (Jim) Li	Anammox, Wastewater Treatment, Environmental Biotechnology	N/A	N
eEdKpQgAAAAJ	Junhong Chen	Nanotechnology & Nanomaterials, Molecular Engineering, Sensors, Nanodevices, Energy & Environment	N/A	N
L8yAc8sAAAAJ	Mohan Qin	Environmental Engineering, Wastewater Treatment, Desalination	N/A	N
mQ4jIssAAAAJ	Shuai Luo, PhD, EIT, LEED GA	Environmental Engineering, Energy Recovery, Electrochemistry, Mathematical Modeling, Algae	N/A	N
rKhaP70AAAAJ	Qingyun Ping	N/A	N/A	N
d6vU434AAAAJ	Shiqiang Zou (邹仕强)	Resource Recovery, Forward Osmosis, Bioelectrochemical Systems, Applied Electrochemistry, Water-Energy Nexus	N/A	N
oSFVC3MAAAAJ	Zhenhai Wen(温珍海)	Electrocatalysis, Energy storage and conversion, Electrochemistry, Materials Science	N/A	N
VjETp_wAAAAJ	Largus T Angenent	Environmental Biotechnology, Environmental Engineering, Biological Engineering	N/A	N
T1j6LZAAAAAJ	Heyang (Harry) Yuan, 袁赫洋	biotechnology, microbiology, microbial ecology, bioelectrochemistry, environmental engineering	N/A	N
QLsTu80AAAAJ	Ibrahim Abu Reesh	Biochemical Engineering & Environmental Biotechnology- Petroleum Refining	N/A	N
VI9bcPYAAAAJ	Fei Zhang	environmental engineering	N/A	N
I2PP9XoAAAAJ	Zheng Ge	wastewater treatment, membrane process, bioelectrochemical system	N/A	N
ggKzpqIAAAAJ	Daniel Giammar	Environmental Engineering, Aquatic Chemistry, Water Treatment, Biogeochemistry, Carbon Sequestration	ECE	Y
Vkg99MwAAAAJ	Britt Huhmann	environmental chemistry, arsenic, iron oxides, hydrology, groundwater	N/A	N
Ylf2iXUAAAAJ	Tuhin Banerji	arsenic removal from water, water and wastewater treatment, groundwater remediation using iron based technologies, advanced oxid	N/A	N
M6QwrLAAAAAJ	Noémie Janot	Environmental Geochemistry, Biogeochemistry	N/A	N
I98W4K0AAAAJ	Sophia Hayes	NMR, nuclear magnetic resonance, solid-state chemistry, OPNMR, semiconductors	N/A	N
3HjjRz8AAAAJ	Samuel M Webb	X-ray Imaging, X-ray Spectroscopy, Geochemistry, Biogeochemistry	N/A	N
SSNUvb8AAAAJ	Soubir Basak	N/A	N/A	N
v5q00U8AAAAJ	Jonathan O. (Josh) Sharp	Environmental Engineering, Environmental Microbiology, Biogeochemistry, Hydrology, Geomicrobiology	N/A	N
--RZd-sAAAAJ	John Fortner	Environmental Engineering, Environmental Chemistry, Advanced Materials, Environmental / Technology Interfaces	N/A	N
w4_W1PkAAAAJ	Yin Wang	water chemistry, water treatment, nanomaterials	N/A	N
YhFEmpMAAAAJ	Daniel S. Alessi	Water resources, environmental geochemistry, geomicrobiology	N/A	N
p0tQZiAAAAAJ	José M. Cerrato	Biogeochemistry, Metal and Radionuclide Cycling at the Water-Energy Interface, Environmental Nanoscience, Water Treatment	N/A	N
pWQGJWEAAAAJ	Philip E. Long	Geomicrobiology, Subsurface Biogeochemistry, Methane Hydrate	N/A	N
PLKoRXsAAAAJ	Kenneth H. Williams	geology, geophysics, earth sciences, biogeochemistry	N/A	N
rr944LsAAAAJ	Juan Salvador Lezama Pacheco	Geochemistry, EXAFS Spectroscopy	N/A	N
_TxappgAAAAJ	Eleanor Schofield	Materials science	N/A	N
v0GIoEgAAAAJ	Zimeng Wang	Aquatic Chemistry, Environmental Engineering, Biogeochemistry, Environmental Modeling, Environmental Transport	N/A	N
YbSq5T0AAAAJ	Harish Veeramani	Biogeochemistry, Applied Geomicrobiology, Bioremediation, Technology Transfer	N/A	N
JwQWFLkAAAAJ	Jeffrey G. Catalano	Geochemistry, Mineralogy	N/A	N
A4D_M_EAAAAJ	Brent J. Williams	Atmospheric Chemistry, Aerosol Science, Aerosol Chemistry	ECE	Y
0yE2tSMAAAAJ	Jian Wang	N/A	ECE	Y
yitVtkQAAAAJ	Stephen J. Turner	Petrology, Geochemistry, Volcanology	ECE	Y
visVQVUAAAAJ	Richard F. Katz	Geodynamics, Petrology, Ice sheets, Fluid mechanics	N/A	N
9PVNjbgAAAAJ	Pavel Izbekov	Petrology, volcanology, experimental petrology, remote sensing	N/A	N
AlGQ8ZEAAAAJ	Stephane Escrig	N/A	N/A	N
WzhF2kUAAAAJ	Cin-Ty Lee	Geology, geochemistry, petrology, geophysics, geodynamics	N/A	N
QfOO7jcAAAAJ	Veronique Le Roux	Geology, Geochemistry, Experimental Petrology, Micro-CT	N/A	N
NFmCFlsAAAAJ	Charles Langmuir	N/A	N/A	N
sMSUuY8AAAAJ	Elijah Thimsen	Gas-phase synthesis, complex inorganic materials, nanoscience and nanotechnology, energy conversion and storage, emergent behavi	ECE	Y
rHHKG_AAAAAJ	Randall V Martin	atmospheric chemistry, aerosols, satellite remote sensing, atmospheric modeling, environment	ECE	Y
c79hBb0AAAAJ	Rajan K. Chakrabarty	N/A	ECE	Y
TOAnGa8AAAAJ	Quing Zhu	cancer imaging, optical imaging, ultrasound	BME	Y
ycVm-gkAAAAJ	Changhui Li	Biomedical optics, Medical imaging, photoacoustic tomography, fluorescence molecular tomography	N/A	N
p_QR9RUAAAAJ	Chao Zhou, PhD	Biomedical Optics, Optical Coherence Tomography, Diffuse Optical Imaging	BME	Y
tLrQhzIAAAAJ	Susan Margulies	biomechanics, brain injury, lung injury	N/A	N
6GB1kv8AAAAJ	Aneesh Alex	Optical imaging, Optogenetics, Biophotonics, Pharmacology	N/A	N
HGTDp1UAAAAJ	Daniel Licht	Neurology, child neurology, brain injury, brain imaging	N/A	N
MYFF5l4AAAAJ	Tejas Kirtane	N/A	N/A	N
2Qlrv_cAAAAJ	Rudolph E Tanzi	Alzheimer's Genetics APP CD33	N/A	N
q4FqPgYAAAAJ	Ulas Sunar	imaging, biomedical optics, spectroscopy, fluorescence	N/A	N
z17wdcsAAAAJ	osman oguz ahsen	Biomedical Optics	N/A	N
jR3NLMsAAAAJ	Yuankai Tao	Biomedical Engineering	N/A	N
10iNskYAAAAJ	Danny JJ Wang	Neuroimaging methodology and applications, Functional MRI, Neuromodulation	N/A	N
G8GezxgAAAAJ	Brian L. Edlow, M.D.	Traumatic Brain Injury, Disorders of Consciousness, Neuroimaging	N/A	N
y3_tUqsAAAAJ	Regine Choe	Biomedical Optics	N/A	N
XqI4gAYAAAAJ	Erin M. Buckley	Diffuse Optical Spectroscopies	N/A	N
HM7WbsgAAAAJ	Meeri N. Kim	Biomedical Optics	N/A	N
m4gr7P8AAAAJ	HSIANG-CHIEH LEE	biomedical imaging, biomedical optics, optical coherence tomography, endoscopy, medical device	N/A	N
M5_wxAkAAAAJ	Desmond Adler	Optical Coherence Tomography, Biomedical Optics	N/A	N
nfeNsaoAAAAJ	John Detre	Neuroimaging and Brain Function	N/A	N
rQ8F7rIAAAAJ	Tsung-Han Tsai	optical coherence tomography, endoscopy, biomedical imaging	N/A	N
4PzSxEMAAAAJ	Guoqiang Yu	N/A	N/A	N
c7reUlAAAAAJ	Turgut Durduran	biomedical optics	N/A	N
LWAFHkEAAAAJ	Arjun Yodh	Condensed Matter Physics, Soft Matter, Optics, Biomedical Optics, Biophotonics	N/A	N
thhRaQYAAAAJ	Michael D. Vahey	N/A	BME	Y
4hNJPNYAAAAJ	Kurt Thoroughman	motor control, education, neuroscience	BME	Y
wSPgTVwAAAAJ	Jonathan Silva	Cardiac Electrophysiology, Ion Channels, Sodium Channels, Biophysics, Biomedical Engineering	BME	Y
S_78QZwAAAAJ	Joshua Brettmann	Biochemistr, Biophysics	N/A	N
TL3wdfgAAAAJ	Colin H Peters	N/A	N/A	N
qYbgZYgAAAAJ	Geoffrey S. Pitt	ion channelopathies, arrhythmia, molecular neuroscience	N/A	N
d5A3WZ8AAAAJ	Arie Krumholz	Biomedical Imaging, Contrast Agents, Photoacousitc Tomography, Optoacoustic	N/A	N
tiHMmkcAAAAJ	Jeanne M. Nerbonne	Membrane Excitability, Ion Channels, Electrical Remodeling, Electrophysiology	N/A	N
OJ2WdXAAAAAJ	HAIXIA ZHANG	electrophysiology	N/A	N
iBbfPfUAAAAJ	rick schuessler	cardiac electrophysiology	N/A	N
pxp6lUEAAAAJ	David Sept	biophysics, computational biology, cytoskeleton	N/A	N
L9dwKyUAAAAJ	Nathan Baker	Computational Biology, Applied Mathematics, Informatics	N/A	N
s2o3_90AAAAJ	Jordi Heijman	Cardiac electrophysiology, computational modeling, systems biology	N/A	N
0YxIvbEAAAAJ	Thomas J. Hund	Biomedical Engineering, Ion Channel Regulation, Cardiac Arrhythmia Mechanisms, Mathematical Modeling	N/A	N
G5Zm8aAAAAAJ	Jonathan D. Moreno	My research focuses on utilizing computational approaches to understand and design better treatment strategies for the pharmacol	N/A	N
aTpJ0fcAAAAJ	Ali Nekouzadeh	Biomedical Engineering	N/A	N
YJVAXCwAAAAJ	Colin G Nichols	Biology, Medicine	N/A	N
5K8RGu8AAAAJ	Varga Zoltan	Biophysics electrophysiology	N/A	N
Nq_T4UwAAAAJ	Jennifer Silva	Pediatric Cardiac Electrophysiology	N/A	N
cuEHP_IAAAAJ	Keith F Decker	Bioinformatics, RNA-seq, Transcriptome Assembly, ChIP-seq, Computational Biology	N/A	N
yexUDMQAAAAJ	Mark Zaydman	Ion Channel Biophysics	N/A	N
yOJ8F4gAAAAJ	Wandi Zhu	Electrophysiology, Ion channels, Cardiovascular system	N/A	N
-DtKfGcAAAAJ	Jai S Rudra	Vaccine, Nanotechnology, Self-assembly, Peptides, Biomaterials	BME	Y
l0RoHAQAAAAJ	Miroslav Nenov	neurophysiology, cardiac physiology, cell signaling, voltage-gated ion channels, synaptic transmission	N/A	N
sIyhllYAAAAJ	Rajagopal Appavu	Nano Vaccine Development, Cocaine Vaccine Development, Pharmaceutical Nanotechnology, Drug Delivery, Peptide/protein chemistry	N/A	N
g_c8sA0AAAAJ	Tao Sun	Immunology, Peptide Vaccine, Tumor Immunology, Immunogenomics	N/A	N
ZYbgXoEAAAAJ	Ye Field Tian	Cancer Immunology	N/A	N
qVKYugIAAAAJ	Anita Chong	Transplantation Immunology, Immunology of self-assembling peptide systems as vaccines	N/A	N
fcTg4fcAAAAJ	Andrew Zloza, MD, PhD	Cancer, Viral Infection, Immunology, Autoimmunity	N/A	N
_HDO25IAAAAJ	Jangwook P. Jung	stem cell, extracellular matrix, composite biomaterials	N/A	N
YCZYhF8AAAAJ	Joel Collier	Biomaterials, immunology, extracellular matrix, bioengineering	N/A	N
VdzVqCwAAAAJ	Rohit V. Pappu	Biophysics, Statistical Physics, Computational Biology	BME	Y
CortFagAAAAJ	Rahul K Das, PhD	Computational Biology, Biophysics, Bioinformatics, Machine Learning, Data Analysis	N/A	N
-deXrt8AAAAJ	Rajgopal Srinivasan	Bioinformatics, Computational Biology	N/A	N
mvdw03oAAAAJ	George Rose	Biophysical Chemistry	N/A	N
62soGRgAAAAJ	Michael Rosen	Biophysics, Cell Biology, Signal Transduction	N/A	N
uASl5F0AAAAJ	Reece Hart	Genome interpretation, protein structure prediction, protein sequence analysis, data integration	N/A	N
HlxqS1MAAAAJ	carl frieden	biophysics	N/A	N
N1vnxn4AAAAJ	Alan A Chen	Computational biophysics of RNA	N/A	N
4agt6FcAAAAJ	A. Keith Dunker	Intrinsically disordered proteins, Biochemistry, Biophysics, Bioinformatics	N/A	N
ctlAGI0AAAAJ	Jay Ponder	Molecular Mechanics, MD Simulation, Biomolecular Modeling	N/A	N
wAoRV_AAAAAJ	Cliff Brangwynne	Biophysics, Bioengineering, Developmental Biology, RNA Biology, Soft Matter	N/A	N
3kp_a7EAAAAJ	Richard Kriwacki	Disordered Proteins	N/A	N
MeSHpCsAAAAJ	Anuradha Mittal	Computational biology	N/A	N
P3wKAyIAAAAJ	Scott L. Crick	Biodetection, Fluorescence, Nanotechnology	N/A	N
FVsf9rkAAAAJ	Nicholas Lyle	intrinsically disordered proteins, protein folding, protein aggregation	N/A	N
x7huTU0AAAAJ	Kiersten M Ruff	Computational Biology, Molecular Biophysics	N/A	N
GHsoyKIAAAAJ	Andreas Vitalis	Computational Biophysics, Neurodegenerative Disease, Algorithms and Methods Development	N/A	N
oe-jFWAAAAAJ	Alex S. Holehouse	Computational Biophysics	N/A	N
2Zeqd3QAAAAJ	Daniel W. Moran	Neuroengineering, Systems Neurophysiology	BME	Y
_QU1opsAAAAJ	Princess Imoukhuede	N/A	BME	Y
5HX--AYAAAAJ	Robert Langer	drug delivery, tissue engineering, biomaterials, nanotechnology, chemistry	N/A	N
G7pJdK4AAAAJ	Lawrence Wawrzyniec Dobrucki	molecular imaging, PET, SPECT, X-ray CT, angiogenesis	N/A	N
K0Sn-VcAAAAJ	Brian J. Roxworthy	Nanophotonics, Plasmonics, MEMS/NEMS, Metasurfaces	N/A	N
8wVcLRsAAAAJ	Randy H. Ewoldt	Fluid mechanics, rheology, complex fluids, soft matter, biomaterial mechanics	N/A	N
mxj0Z5gAAAAJ	JaeHyuk Kwack	High Performance Computing, Computational Mechanics, Fluid-Solid Interactions	N/A	N
OqeXIEMAAAAJ	Arif Masud	Computational Fluid and Solid Mechanics, Computational Sciences, Turbulence, Non-Newtonian Fluids, Biomechanics	N/A	N
bsotxTgAAAAJ	Brian Annex	Peripheral artery disease, angiogenesis	N/A	N
FBR3XoEAAAAJ	Stacey D. Finley	Systems biology, Mathematical modeling, Angiogenesis, Metabolism	N/A	N
TZRFXM8AAAAJ	Robert H. Chow	exocytosis, neuroscience, amperometry, channel, calcium	N/A	N
8ZtyZjAAAAAJ	Raad Nashmi	nicotinic receptors, synaptic transmission, neuroscience	N/A	N
6qEdmcUAAAAJ	Ali Ansari	Cancer, Surface Functionalization, Cell Isolation, Cell Sorting, Bioengineering	N/A	N
E97MRUYAAAAJ	Felipe T Lee-Montiel	Bioengineering (Organs-on-a-chip, Tissue Engineering, Biomaterials)	N/A	N
xxIrRjcAAAAJ	Fraser J. Moss	acid-base physiology, Förster resonance energy transfer, GABA transporter, receptor protein tyrosine phosphatase γ, SLC4	N/A	N
UFHVXkUAAAAJ	Si (Stacie) Chen	Glioblastoma, tumor microenvironment, systems biology, cell heterogeneity	N/A	N
owqUYWMAAAAJ	Aleksander S. Popel	Quantitative Systems Pharmacology, Computational Systems Biology, Angiogenesis, Microcirculation, Cancer Immunotherapy	N/A	N
8KbzXvoAAAAJ	Henry A. Lester	N/A	N/A	N
DLVFrFAAAAAJ	Nathaniel Huebsch	Tissue Engineering, Stem Cells, Hydrogels, Mechanotransduction, Regenerative Medicine	BME	Y
9TpPcjoAAAAJ	Nick Willett	Orthopaedics, Regenerative Medicine, Vascular Biology, Biomedical Engineering	N/A	N
0nOfuMgAAAAJ	Christopher M. Madl	Biomaterials, Tissue Engineering, Regenerative Medicine, Stem Cell Biology	N/A	N
GlBl-VUAAAAJ	Zhigang Suo (锁志刚）	solid mechanics, fracture, adhesion, fatigue, hydrogels	N/A	N
EEGf5OAAAAAJ	Evi Lippens	Tissue engineering, developmental engineering, cell-matrix interactions	N/A	N
E1knViwAAAAJ	Jaeyun Kim	Nanobiotechnology, Biomaterials, Hydrogels, Immunotherapy	N/A	N
Icl5BnYAAAAJ	Anurag Mathur	Bioengineering, Stem Cells, Tissue Engineering, Nanofabrication, Microfluidics	N/A	N
N_Z79YgAAAAJ	Praveen Arany	Laser biology, TGF-beta, Tissue Engineering, Dentistry, Pathology	N/A	N
_D5W9yUAAAAJ	Kangwon Lee, Ph. D	Biomaterials, tissue engineering, Functional Polymers, biosensors	N/A	N
1guy5W4AAAAJ	Ovijit Chaudhuri	biomechanics, mechanobiology, AFM	N/A	N
H5hyYbUAAAAJ	Zhen Ma	Tissue Engineering, Biophotonics, Single-cell Biochip, Mechanobiology, induced pluripotent stem cells	N/A	N
tcg-f_sAAAAJ	Mohammad A. Mandegar	Stem Cell Biology, Genetics, Genome Engineering	N/A	N
z3oG700AAAAJ	Max Darnell	Bioengineering, Mechanobiology, Single-cell Analysis	N/A	N
o_a5zckAAAAJ	Joel D Boerckel	Developmental mechanobiology, development-inspired tissue engineering	N/A	N
8_Yj_RwAAAAJ	Robert E. Guldberg	Musculoskeletal regenerative medicine, tissue engineering, and biomechanics	N/A	N
4bHLr_IAAAAJ	Xuanhe Zhao (赵选贺)	Solid Mechanics, Soft Materials, Active Materials, Hydrogels, Bioadhesives	N/A	N
4tcxRqMAAAAJ	Peter Loskill	Organ-on-a-Chip, Microfluidics, Tissue Engineering, Biomechanics, Surface science	N/A	N
ghPIMpgAAAAJ	Sidi A. Bencherif, Ph.D.	Polymeric Biomaterials, Tissue Engineering, Drug Delivery, Immunoengineering, Cancer Immunotherapy	N/A	N
nngRAEYAAAAJ	Bruce Conklin	human genetics, genome engineering, stem cells	N/A	N
vm1u2DEAAAAJ	Kevin E. Healy	Biomaterials, Tissue Engineering, Stem Cells	N/A	N
ZflJqeUAAAAJ	David Mooney	Biomaterials, Tissue Engineering, Drug Delivery, Immunoengineering, Mechanotransduction	N/A	N
tfQuPyEAAAAJ	Song Hu	Biomedical Engineering, photoacoustic imaging, vascular biology, neurovascular coupling, tumor biology	BME	Y
DrUwvK0AAAAJ	Hong Chen	Medical Ultrasound	BME	Y
bHm5I5sAAAAJ	Vera Khokhlova	N/A	N/A	N
aYbvlrYAAAAJ	Nazanin Hosseinkhah	Ultrasound Contrast Agent Modelling, CFD, Therapeutic Ultrasound	N/A	N
_U9bzEAAAAAJ	Kullervo Hynynen	Biomedical Ultrasound, Ultrasound, HIFU, MRI. Imaging	N/A	N
Gk5QsRoAAAAJ	Cherry Chen Chen	Microbubbles, Ultrasound, Contrast-Enhanced Diagnostic Molecular Imaging, Drug Delivery, Blood-Brain Barrier	N/A	N
XfYRqF4AAAAJ	Dennis Barbour	Sensory Neuroscience, Neuroengineering, Perceptual and Cognitive Testing	BME	Y
HUxQ1TAAAAAJ	Lori A. Setton	Biomedical engineering, orthopaedic science	BME	Y
vHsgntwAAAAJ	Thomas V Stabler	osteoarthritis, nitric oxide metabolism	N/A	N
P6qnxgcAAAAJ	Timothy M Griffin	osteoarthritis, obesity, aging, biomechanics, metabolism	N/A	N
_HYCqwkAAAAJ	Koichi Masuda	N/A	N/A	N
x0ViSaoAAAAJ	Mark W. Grinstaff	polymers, biomaterials, hydrogels, drug delivery, cartilage imaging	N/A	N
K6FhoZYAAAAJ	Aubrey Francisco	early literacy, ed tech	N/A	N
l9UHHYgAAAAJ	Steven A. Olson	arthritis, hip, dysplasia, fracture, pelvis	N/A	N
yiiVQ1MAAAAJ	Mansoor Haider	applied mathematics, math biology, computational mathematics	N/A	N
8a2Z1loAAAAJ	Tod Laursen	Computational mechanics	N/A	N
SXutMMAAAAAJ	Dong Woo Lim	Biomaterials	N/A	N
BLDtWVEAAAAJ	Leonidas Alexopoulos	Systems Biology, Medical devices, Proteomics, Biomechanics	N/A	N
BDZ2z6YAAAAJ	Robby Bowles	Tissue Engineering, Regenerative Medicine, CRISPR, Orthopeadics, Spine	N/A	N
oz_MXbIAAAAJ	Janet L. Huebner	osteoarthritis, biomarkers	N/A	N
YnYx_TgAAAAJ	James C Iatridis	spine, intervertebral disc, back pain, disc degeneration	N/A	N
VP-d_2gAAAAJ	Mohammed F. Shamji	biomaterials, neuropathic pain, spine surgery, neurosurgery	N/A	N
0-tewh8AAAAJ	Virginia Byers Kraus	osteoarthritis, biomarkers, joint regeneration, disease pathogenesis, aging	N/A	N
h9Tji70AAAAJ	Ashutosh Chilkoti	Genetically engineered materials, Drug delivery, Nanotechnology, Biointerface science, Clinical diagnostics	N/A	N
rLSUeLsAAAAJ	Van C. Mow	bioengineering	N/A	N
CWj6pVcAAAAJ	Farshid Guilak	biomechanics, mechanobiology, regenerative medicine, osteoarthritis, cartilage	N/A	N
WwadVmIAAAAJ	Lan Yang	resonator, laser, nonlinear optics, sensing, non-Hermitian physics	ESE	Y
klpr-t0AAAAJ	Jan Wiersig	N/A	N/A	N
Q6WtK04AAAAJ	Fang Bo	Optics, Photonics	N/A	N
BECu7wYAAAAJ	Shanhui Fan	Nanophotonics, Photonic Crystals, Metamaterials, Plasmonics, Solar Cells	N/A	N
BzzEEc0AAAAJ	Venkat Gaddam	Transcutaneous inductive energy transfer, Neuromodulation, micro/nano photonics	N/A	N
qvKcICQAAAAJ	Stefan Rotter	N/A	N/A	N
GbLB9aAAAAAJ	Mariagiovanna Gianfreda	Physics	N/A	N
sr1HGtUAAAAJ	Hui Jing	quantum physics	N/A	N
eYVXgAoAAAAJ	Carl M Bender	N/A	N/A	N
WxJIpkcAAAAJ	Chun-Hua Dong	Microcavity, Optomechanics, Whispering gallery mode	N/A	N
PRCbG2kAAAAJ	Tobias J Kippenberg	Cavity quantum optomechanics, nano-mechanical systems, microresonator Kerr combs, optical frequency combs, high Q microresonator	N/A	N
tiFit0cAAAAJ	Tal Carmon	Cavity optomechanics, nonlinear optics, cavity optocapillaries, liquid-walled microfluidics	N/A	N
L-pC28sAAAAJ	Woosung Kim	Silicon photonics	N/A	N
-goooIUAAAAJ	Gui Lu Long	quantum communication, quantum computation, quantum information, quantum secure direct communication, quantum algorithm	N/A	N
8VfMkGsAAAAJ	Yun-Feng Xiao	Microcavity photonics and quantum optics	N/A	N
SRUYLREAAAAJ	Franco Nori	condensed matter physics, quantum optics, quantum information, superconductivity, circuit QED	N/A	N
F2jhvIoAAAAJ	Lina He	Optical microresonators, microlasers, optical sensors	N/A	N
1o_wrqsAAAAJ	Faraz Monifi	Photonics, Optics, Resonators, Silicon photonics, Sensing	N/A	N
No-GJRQAAAAJ	Bo Peng	Silicon photonics, Photonic Sensors, Optical Microcavities, Raman Microscopy, Microcavity Laser	N/A	N
Ay_j7dUAAAAJ	Jiangang Zhu	Photonics, Resonator, Sensing, Laser	N/A	N
OQ4t3U4AAAAJ	Kerry Vahala	Microcavities, Microresonators, Nonlinear Optics, Optical Physics, Photonics	N/A	N
QLFhXgMAAAAJ	Chuan Wang	Carbon Nanotubes, 2D Materials, Flexible Electronics, Stretchable Electronics, Printed Electronics	ESE	Y
lELCubQAAAAJ	Umberto Villa	Uncertainty Quantification, Inverse Problems, Imaging, Finite Element Methods, Preconditioning	ESE	Y
mFPXD90AAAAJ	Tan Bui-Thanh	uncertainty quantification, inverse problem, model reduction, scientific computing, high-order finite element methods	N/A	N
tqH-TyIAAAAJ	Delyan Z Kalchev	N/A	N/A	N
tdfS7TwAAAAJ	yalchin efendiev	Computational Mathematics, Multiscale Methods, Multiscale Mathematics, Numerical Upscaling, Multiscale Simulations	N/A	N
UbWFbIkAAAAJ	M.Sc., Ph.D. Allan Peter Engsig-Karup	Scientific Computing, Numerical Methods/Analysis for Differential Equations, High-Performance Computing, Computational Mathemati	N/A	N
AaVPa5kAAAAJ	Peng Chen	uncertainty quantification, stochastic optimization, inverse problems, model reduction	N/A	N
_VsL6mAAAAAJ	Annalisa Quaini	Applied Mathematics, Numerical Methods, Computational Fluid Dynamics, Fluid-Structure Interaction, Blood Flow	N/A	N
PMjIXFIAAAAJ	Jaroslaw Slawinski	Computer Science, HPC, Clouds, Utility Computing	N/A	N
6k7bp8IAAAAJ	V. S. Sunderam	Distributed Systems, Parallel Processing, High Performance Computing	N/A	N
A5vhsIYAAAAJ	Omar Ghattas	inverse problems, uncertainty quantification, PDE-constrained optimization, supercomputing, computational geophysics	N/A	N
GhpkHDAAAAAJ	Panayot S. Vassilevski	Computational Mathematics, Scalable Algorithms for PDEs and Discrete Mathematics, Upscaling, Dimension Reduction	N/A	N
pT7rjkQAAAAJ	Tiziano Passerini	Scientific computing, Biomechanics	N/A	N
xjvr4yEAAAAJ	Alessandro Veneziani	Numerical Partial Differential Equations, Cardiovascular Mathematics, Applied Mathematics	N/A	N
iBgmo3sAAAAJ	Heinz Schaettler	Optimal Control, Mathematical Models for Biomedical Systems	ESE	Y
mioppqwAAAAJ	Maria do Rosário de Pinho	Optimal Control	N/A	N
GRoULwcAAAAJ	Mostafa Reisi-Gahrooei	Systems engineering and informatics, applied mathematics, transportation engineering	N/A	N
0WVyaVMAAAAJ	Jr-Shin Li	systems and control, computational mathematics, computational neuroscience, quantum control	ESE	Y
cb5JccEAAAAJ	Dionisis Stefanatos	Quantum Control, Shortcuts to Adiabaticity, Quantum Technologies	N/A	N
ZhcSLWsAAAAJ	Babu Joseph	Biomass Conversion, Renewable energy, catalysis, process control, computational catalysis	N/A	N
_wGOGjsAAAAJ	Eugene Kashdan	Mathematical Medicine, Computational Physics, Statistical Machine Learning, Real-Time Risk Management	N/A	N
cWPJoXkAAAAJ	Alberto d'Onofrio	Mathematical Epidemiology, Theoretical Biophysics, Mathematical Biology, Theoretical Systems Biology, Mathematical Oncology	N/A	N
t-5QQSsAAAAJ	Vaithianathan Venkatasubramanian	Power system stability and control, Nonlinear system theory	N/A	N
g9yhtN8AAAAJ	Neal Patwari	Signal Processing, Wireless, Sensor Networks, Localization, RF Sensing	ESE	Y
53HX4X8AAAAJ	Huseyin Yigitler	Wireless communication, wireless sensor networks, distributed systems	N/A	N
aLOSzWwAAAAJ	Theodore (Ted) S. Rappaport	wireless, communications, antennas, propagation, 5G	N/A	N
ll3_x18AAAAJ	Michael R. Clark	Cryptography, Security, Multiparty Computation, Homomorphic Encryption	N/A	N
x8UnxSoAAAAJ	Srikanth Krishnamurthy	Networks, Security, Wireless	N/A	N
wPA25DQAAAAJ	Philip Lundrigan	Wireless Networking	N/A	N
FpCKREcAAAAJ	Dustin Maas	Wireless Communications, Signal Processing, Software Defined Radio	N/A	N
d-Zq1l0AAAAJ	Riku Jantti	wireless communications	N/A	N
EYsanUcAAAAJ	Gregory D. Durgin	Applied Electromagnetics	N/A	N
bRiKI7MAAAAJ	Anh Luong	Wireless, Embedded Systems, Sensor Networks, Localization, RF Sensing	N/A	N
QJ4foJ4AAAAJ	Peter Hillyard	Signal Processing, Wireless Sensor Networks	N/A	N
Z03FLwkAAAAJ	Suresh Venkatasubramanian	Algorithmic Fairness, Computational Geometry, Data Mining, Clustering	N/A	N
mtB5szIAAAAJ	Randolph Moses	signal processing, radar processing, sensor networks	N/A	N
fkftQJAAAAAJ	Yang Zhao	Localization, Signal Processing, Sensor Networks	N/A	N
qrVndScAAAAJ	Joshua Ash	Signal Processing, Machine Learning, Radar, Hyperspectral Imaging	N/A	N
SDY9FwUAAAAJ	Suman Jana	Computer Security, Privacy, Software engineering, Security of Machine Learning	N/A	N
gIqECGgAAAAJ	Sriram Nandha Premnath	N/A	N/A	N
lnC1vbAAAAAJ	Ossi Kaltiokallio	localization and tracking, indoor radio propagation channel, signal processing, Bayesian filtering	N/A	N
c8LH7zUAAAAJ	Maurizio Bocca	networked embedded systems, wireless sensor networks, indoor localization	N/A	N
DSiNzkIAAAAJ	Alfred Hero	High dimensional statistical inference, information theoretic image and signal processing, information fusion, sensor networks	N/A	N
XeYCNAwAAAAJ	Sneha Kasera	N/A	N/A	N
toODfV4AAAAJ	Joseph A. O'Sullivan	imaging science, recognition theory, information theory, information hiding	ESE	Y
jFK9W3UAAAAJ	Aaron Lanterman	N/A	N/A	N
7dx5lXIAAAAJ	Soysal Degirmenci	Convex Optimization, Optimization, Image Reconstruction, Machine Learning, X-Ray Imaging	N/A	N
mEvDByAAAAAJ	Dong Han, Ph.D.	Radiation Oncology	N/A	N
ujIV4gUAAAAJ	Parinaz Massoumzadeh, PhD	Brain Tumor, CT dose reduction, X-ray filter matrial, MR oxygen sensitive techniques, OEF PET	N/A	N
l8wiON4AAAAJ	Yan Kaganovsky	Machine Learning, Computational Imaging, Image Processing	N/A	N
2nmHOtoAAAAJ	Lawrence Carin	Statistics, machine learning, Bayesian analysis	N/A	N
YAgmYI8AAAAJ	Michael Vannier	medical imaging, visualization, computed tomography	N/A	N
x-cAH-AAAAAJ	Chrysanthe Preza, DSc	Computational Imaging, Inverse Problems, Optical System Characterization, Model-based image reconstruction	N/A	N
pjK2mQwAAAAJ	Ge Wang	X-ray computed tomography, optical molecular tomography, interior tomography, multimodality fusion, deep learning	N/A	N
Jg8jitoAAAAJ	Ke Li 李轲	GPU computation, Self-driving Vehicle	N/A	N
CcSZwTsAAAAJ	David J Brady	Computational imaging, compressive measurement, gigapixel imaging, tomography, x-ray scatter imaging	N/A	N
DPZuUtIAAAAJ	Aswin John Mathews	Positron Emission Tomography, X-ray Computed Tomography, Image reconstruction algorithms	N/A	N
ZwBxbEUAAAAJ	Alan Kaplan	Machine Learning, Statistical Modeling, Graphical Models, Signal Processing	N/A	N
LwbkuAQAAAAJ	Ikenna Odinaka	Computational Imaging, Biometrics, Machine Learning	N/A	N
q7HqHocAAAAJ	Sergey Komarov	N/A	N/A	N
JJ31S6UAAAAJ	Po-Hsiang Lai	information theory, machine Learning, biometrics, imaging science, natural language processing	N/A	N
Ui8pnoIAAAAJ	Michael I. Miller	Biomedical Data Science, Computational Anatomy, Brain Mapping, Neuroscience, Medical Imaging	N/A	N
bNkvbPMAAAAJ	David Politte	Medical Imaging, Radiation Oncology, Scatter Imaging, Signal Processing, Genetics	N/A	N
0pp-L_IAAAAJ	Arye Nehorai	Statistical Signal Processing, Machine Learning, Sensing, Imaging, Biomedicine	ESE	Y
8Kk2MugAAAAJ	Matthew D. Lew	super-resolution microscopy, single-molecule fluorescence, computational imaging	ESE	Y
P5eWdgsAAAAJ	Lucy Shapiro	bacterial genetics, cell regulation, molecular biology, cell biology	N/A	N
lgkJg6EAAAAJ	Darius M. Moshfeghi, MD	Vitreoretinal Diseases & Surgery	N/A	N
b9Bod2MAAAAJ	Steven Chu	N/A	N/A	N
h8NURnIAAAAJ	Debasish Sen	Immuno-oncology, Biologics, Medicine	N/A	N
fv1RjgEAAAAJ	Adam de la Zerda	Molecular Imaging	N/A	N
wvVg44gAAAAJ	Orly Liba (Levy)	Computational Photography, Computer Vision, Computational Imaging and Displays, Medical Imaging	N/A	N
ImcSjGsAAAAJ	Jin Lu	Electrochemical imaging, Single-molecule fluorescence, Super-resolution fluorescence microscopy, Surface plasmon resonance micro	N/A	N
kDiyDt4AAAAJ	Anurag Agrawal	Computational Optical Imaging, Single molecule microscopy, PSF engineering	N/A	N
TjMoTKsAAAAJ	Oumeng Zhang	image processing, super-resolution microscopy	N/A	N
ObVTKmUAAAAJ	Tianben Ding	3D super-resolution microscopy, image processing, complex-valued neural networks	N/A	N
OcAOpSUAAAAJ	Xiquan Cui	imaging, optics, micro technology, nano technology, biomedical	N/A	N
MC6suuAAAAAJ	Ginni Grover	Application of joint optical and computational methods to imaging and sensing, Three-dimensional imaging	N/A	N
7QbSKnMAAAAJ	Steven F. Lee	3D Super-resolution Imaging, Biophysical chemistry, Single-molecule microscopy, Fluorescence, biophotonics	N/A	N
3oPjTK4AAAAJ	Steffen J. Sahl	Optical Nanoscopy, Super-Resolution Imaging, Protein Misfolding and Aggregation, Single-Molecule Biophysics	N/A	N
n7HDm44AAAAJ	Adam S. Backer	Single Molecule Microscopy, Fourier Optics, Fluorescence Polarization Microscopy	N/A	N
VspDmN8AAAAJ	Majid Badieirostami	Biomedical optics, optical sensors	N/A	N
rRBwhFwAAAAJ	Michael Thompson	N/A	N/A	N
kSuuj6UAAAAJ	Mikael P Backlund	novel methods in microscopy	N/A	N
upREfesAAAAJ	W.E. Moerner OR William E. Moerner	Physical Chemistry, Single-Molecule Spectroscopy and Imaging, Biophysics	N/A	N
z_vUo8EAAAAJ	ShiNung Ching	Control Theory, Computational Neuroscience	ESE	Y
zZO9qG4AAAAJ	Bruno Sinopoli	System Theory, Control, Cyber-Physical Systems	ESE	Y
WiUaLy4AAAAJ	Niranjini Rajagopal	sensing systems, signal and information processing, cyber-physical systems, indoor localization	N/A	N
cPmMoXoAAAAJ	Andrea Goldsmith	information theory, communications, wireless, networks, signal processing	N/A	N
ahnEk8cAAAAJ	Rohan Chabukswar	Diagnostics, Aerospace, Cyber Physical Systems, Secure Control	N/A	N
n-Oret4AAAAJ	Adrian Perrig	Security, Networking, Internet Security, IoT, Computer Security	N/A	N
yxUduqMAAAAJ	Michael I. Jordan	machine learning, statistics, computational biology, artificial intelligence, optimization	N/A	N
ss_BgAYAAAAJ	Luca Parolini	N/A	N/A	N
5V852JcAAAAJ	Vyas Sekar	Networking, Security, Systems	N/A	N
db9WLdcAAAAJ	Ling Shi	Cyber-Physical Systems Security, Networked Control, State Estimation, Sensor Scheduling, Event-based Estimation and Control	N/A	N
UwV9710AAAAJ	Dragana Bajovic	distributed inference, statistical signal processing, large deviations, sensor networks	N/A	N
qoFYHTMAAAAJ	Jose M. F. Moura	Data Science, Signal Processing, Signal and Image Processing, Information Theory, Computer Vision	N/A	N
2eADYP8AAAAJ	Xiaoqi Yin	Adaptive Video Streaming	N/A	N
04aoCmQAAAAJ	Joao Xavier	N/A	N/A	N
4K7L-eAAAAAJ	Alessandro Casavola	Control Engineering and Automation	N/A	N
s4yZTp4AAAAJ	Bruce H. Krogh	control, verification, embedded systems, power systems	N/A	N
2A6PMfEAAAAJ	Emanuele Garone	Automatic Control, System theory	N/A	N
2E448xEAAAAJ	Massimo Franceschetti	Information Theory, Control Theory, Wave Propagation, Network Science, Random Graphs	N/A	N
O-QzGusAAAAJ	Sean Weerakkody	Control Theory, Security	N/A	N
LTL9MjwAAAAJ	luca schenato	control theory	N/A	N
KgZxzjsAAAAJ	Shankar Sastry	robotics, control, hybrid systems, cyber security, embedded systems	N/A	N
UcpEexUAAAAJ	Yilin Mo	Control Theory, Signal Processing, Optimization	N/A	N
3-nQ3eoAAAAJ	Jerome R Cox, Jr.	computers	CS	Y
gwB_pJcAAAAJ	Ning Zhang	Computer Security	CS	Y
U5nGHIIAAAAJ	Xuxian Jiang	Blockchain Security, Android Security, Virtualization, Malware Defense	N/A	N
gz-6ugcAAAAJ	Le Guan	cybersecurity	N/A	N
G-CrIW8AAAAJ	Yaxing Chen	access control, trusted computing	N/A	N
Zy2cIskAAAAJ	Chen Hajaj	Game Theory, Machine Learning, Crowdsourcing, Artificial Intelligence, Electronic Commerce	N/A	N
Juoqtj8AAAAJ	Chaowei Xiao	Adversarial Machine Learning, Cyber Security	N/A	N
K8vJkTcAAAAJ	Bo Li	Adversarial machine learning, security, privacy, big data, social network	N/A	N
w362AJMAAAAJ	Liang Tong	adversarial machine learning, artificial intelligence, security, mobile cloud computing	N/A	N
JydvPF8AAAAJ	Yuichi Kawamoto	Information and Communication Technology	N/A	N
ptI-HHkAAAAJ	Yevgeniy Vorobeychik	Artificial intelligence, adversarial machine learning, computational game theory, security and privacy	CS	Y
YBQai3gAAAAJ	Long Tran-Thanh	Artificial Intelligence, AI for social good, multi-armed bandits, game theory, crowdsourcing	N/A	N
nPDJ-fAAAAAJ	Andrew M. Smith	Complex Networks, Game Theory, Multiagent Systems	N/A	N
LM_QwbUAAAAJ	Ellen Wright Clayton	genetics, ethics, research, pediatrics, vaccine	N/A	N
nxuhv0wAAAAJ	Kiran Lakkaraju	Computational Social Science, Agent Based Modeling, Massively Multiplayer Online Games, technology adoption	N/A	N
BL7mk9IAAAAJ	weiyi xia	N/A	N/A	N
C5eimrcAAAAJ	Jian Lou	Computational game theory, Mechanism Design, Artificial Intelligence, Machine Learning, Auction Theory	N/A	N
avGnwvwAAAAJ	Jackson R. Mayo	Nonlinear Science, Complex Systems, Cyber Security	N/A	N
8iQk0DIAAAAJ	Michael Kearns	Machine Learning, Algorithmic Game Theory, Network Science, Computational Social Science, Algorithmic Trading and Computational	N/A	N
qXb4xQMAAAAJ	Murat Kantarcioglu	Security and Privacy, Databases, Computer Security, Data Science	N/A	N
U9oBOmMAAAAJ	Waseem Abbas	Network Controls, Cyber-physical Systems, Graph-theoretic Methods in Multiagent systems	N/A	N
Kf97-EkAAAAJ	Bradley Malin	Data Science, Electronic Medical Records, Genomics, Privacy	N/A	N
XgifkSsAAAAJ	Daniel Reeves	Game theory, Artificial Intelligence, Ecommerce	N/A	N
-0LFOnYAAAAJ	Christopher Kiekintveld	Artificial Intelligence, Computational Game Theory, Multi-Agent Systems	N/A	N
q92q8SMAAAAJ	Satinder Singh	Reinforcement Learning, Computational Game Theory, Artificial Intelligence	N/A	N
PEEpuNwAAAAJ	Bo An	Artificial intelligence, multi-agent systems, game theory, automated negotiation, optimization	N/A	N
YOVZiJkAAAAJ	Milind Tambe	Multiagent Systems, Artificial Intelligence, Game Theory, Security, Intelligent Agents	N/A	N
ckHkkjgAAAAJ	Aron Laszka	Security, Cyber-Physical Systems, Game Theory, Economics of Security	N/A	N
UruIct4AAAAJ	Michael Wellman	Artificial Intelligence, Computational Finance, Computational Game Theory	N/A	N
BiVROyUAAAAJ	Yang Xiao	Network Security, Blockchain	N/A	N
u18hG4gAAAAJ	Kun Sun	Systems and network security	N/A	N
d6CtlCkAAAAJ	Thomas Hou	Wireless Networking, Modeling and Optimization, Ad Hoc Networks, Edge Networks, Wireless Security	N/A	N
hM8uAwoAAAAJ	Wenjing Lou	Cyber Security, Wireless Networks, Wireless Security, Network Security, Cloud Computing	N/A	N
HdLFmroAAAAJ	William Yeoh	Artificial Intelligence, Multiagent Systems	CS	Y
WHZiLTIAAAAJ	Akshat Kumar	Artificial Intelligence, Machine learning	N/A	N
q_n7d6EAAAAJ	Shlomo Zilberstein	Artificial Intelligence, Automated Planning, Multiagent Systems, Autonomous Agents, Bounded Rationality	N/A	N
QwgBHHIAAAAJ	Atena M.Tabakhi	Artificial Intelligence, Constraint Optimization Problems, Distributed Constraint Optimization Problems	N/A	N
tHNANpEAAAAJ	Roie Zivan	Multi Agent Systems, Distributed Artificial Intelligence	N/A	N
HxpHciQAAAAJ	Khoi D. Hoang	Artificial Intelligence, Multi-agent Systems, Constraint Optimization Problem	N/A	N
t4rXchwAAAAJ	Ariel Felner	Artificial Intelligence, Heuristic Search	N/A	N
dHXCX-sAAAAJ	Makoto Yokoo	Multiagent systems, algorithmic game theory, market design, auction theory, matching	N/A	N
m9nqJ_YAAAAJ	Ping Hou	probabilistic planning, reinforcement learning	N/A	N
3RV_GAwAAAAJ	Tiep Le	Artificial Intelligence, Multi-context System, Logic Programming, Distributed Constraint Optimization Problem	N/A	N
2YZITOgAAAAJ	Hoong Chuin Lau	Applied Optimization, Logistics and Transportation, Planning and Scheduling, Metaheuristics, Multi-agent Systems	N/A	N
BAdQpFkAAAAJ	Pradeep Varakantham	Multi-Agent Systems, Deep Reinforcement Learning, Artificial intelligence, Game theory	N/A	N
7jKj_NcAAAAJ	Tran Cao Son	Artificial Intelligence, Logic Programming, Intelligent Agent, Planning	N/A	N
vEbcIKYAAAAJ	Enrico Pontelli	Logic and Constraint Programming, Knowledge Representation and Reasoning, Bioinformatics, Assistive Technologies, Parallel and D	N/A	N
ASf9Q04AAAAJ	Ferdinando Fioretto	Artificial Intelligence, Multiagent Systems, Differential Privacy	N/A	N
tpoh43QAAAAJ	Sven Koenig	Heuristic Search, Automated Planning, Autonomous Systems, Intelligent Agents, Artificial Intelligence	N/A	N
snf71h4AAAAJ	Netanel Raviv	N/A	CS	Y
6_oL_9IAAAAJ	Muriel Medard	Information theory, communications, networks, wireless, network coding	N/A	N
6qDjHUAAAAAJ	Yuval Cassuto	Coding theory, data storage and memory, communications, data networking	N/A	N
WKzKz9gAAAAJ	Moshe Schwartz	Coding Theory, Combinatorics, Discrete Mathematics	N/A	N
Viv2E9AAAAAJ	Eitan Yaakobi	Coding Theory, Information Theory, Non-volatile Memories, Storage	N/A	N
-IBPxn0AAAAJ	Rashish Tandon	Machine Learning, Optimization, Algorithms, Statistical Learning Theory	N/A	N
JSFmVQEAAAAJ	Alexandros G Dimakis	Information Theory, Machine Learning, Coding Theory, Storage	N/A	N
SxUNhucAAAAJ	Qian Yu (于乾)	Information Theory, Distributed Computing, Reversible Logic	N/A	N
M93Auk4AAAAJ	Eli Ben-Sasson	theoretical computer science, cryptography, blockchains, cryptocurrencies	N/A	N
tDZ0XesAAAAJ	Antonia Wachter-Zeh	coding theory, coding for storage, code-based cryptography	N/A	N
HgaNy9kAAAAJ	Jehoshua Bruck	coding theory, storage systems, information theory, computational complexity theory, molecular programming	N/A	N
vJ1MBM4AAAAJ	Natalia Silberstein	coding theory, recommender systems, machine learning	N/A	N
iNANm-sAAAAJ	Itzhak Tamo	coding theory, storage systems, information theory, combinatorics, and algebraic tools in combinatorics	N/A	N
Qhe5ua0AAAAJ	Salman Avestimehr	Information Theory, Coding Theory, Machine Learning, Distributed Computing	N/A	N
yepPD_cAAAAJ	Alvitta Ottley	Visualization, Human-Computer Interaction	CS	Y
oBjeJncAAAAJ	Qiyu Zhi	Human computer interaction, information visualization, natural language processing	N/A	N
GgKnNwEAAAAJ	Ronald Metoyer	human-computer interaction, information visualization	N/A	N
7WgUoKMAAAAJ	Jieqiong Zhao	Visual Analytics, InfoVis	N/A	N
CUkAtC4AAAAJ	Roman Garnett	machine learning, active learning, active search, Bayesian optimization, Gaussian processes	CS	Y
fhOi--4AAAAJ	Shirley Ho	Cosmology, Astrophysics, Machine Learning, Statistics	N/A	N
6nuM6rcAAAAJ	Andrea Perna	collective behaviour, collective motion, ecology, metabolic scaling theory, morphogenesis	N/A	N
ZqTie5sAAAAJ	James Herbert-Read	Animal Behaviour, Behavioural Ecology, Marine Biology, Sensory Biology	N/A	N
Zc6X700AAAAJ	Ashley Ward	animal behaviour, sociality, collective behaviour, sensory ecology	N/A	N
5LubxuUAAAAJ	Shali Jiang	Machine learning, active learning, active search, Bayesian optimization	N/A	N
qq-SXN8AAAAJ	Benjamin Moseley	Algorithms, Operations Research, Machine Learning, Scheduling, Parallel Computing	N/A	N
IksW07MAAAAJ	David Sumpter	Collective Behaviour	N/A	N
UeG5w08AAAAJ	Philipp Hennig	Machine Learning, Probabilistic Numerics, Gaussian Processes	N/A	N
jsxk8vsAAAAJ	Kilian Weinberger	Machine learning, Artificial Intelligence, Metric learning, Learning to Rank, Deep Learning	N/A	N
ZVMcyxYAAAAJ	Yifei Ma	recommender systems, bayesian optimization, bandit, control	N/A	N
sOI8QyoAAAAJ	Thomas Gärtner	Machine Learning, Data Mining, Computer Games	N/A	N
qfSkqSUAAAAJ	Marion Neumann	Graph-based Machine Learning, Analysis of Networks, Graph Mining	CS	Y
V1Qym88AAAAJ	Babak Ahmadi	Statistical Relational Learning, Artificial Intelligence, Statistical Relational AI, Machine Learning	N/A	N
dgobB6AAAAAJ	Luc De Raedt	artificial intelligence, machine learning, computational logic, statistical relational learning, probabilistic programming	N/A	N
OBBqkosAAAAJ	Muhan Zhang	Machine Learning, Data Mining	N/A	N
wGT17PcAAAAJ	Nils M. Kriege	Combinatorial Optimization, Graph Algorithms, Data Mining, Machine Learning, Visual Analytics	N/A	N
f9iP-80AAAAJ	Christian Bauckhage	Pattern Recognition, Machine Learning, Web Science, Computer Games	N/A	N
QY-earAAAAAJ	Kristian Kersting	Artificial Intelligence, Statistical Relational Learning, Probabilistic Programming, Tractable Models, Plant Phenotyping	N/A	N
eFf2p4cAAAAJ	Wenjie He	Wavelets, Splines, Image Processing, Artificial Intelligence, Online Education	N/A	N
omeqIrAAAAAJ	Gustavo Malkomes	machine learning, Bayesian optimization, active learning, Gaussian processes, k-center	N/A	N
w_lm_toAAAAJ	Richard P Mann	Statistics, Applied Mathematics, Collective Behaviour	N/A	N
3bSbb20AAAAJ	Jeff Schneider	Machine Learning	N/A	N
T1lNNLkAAAAJ	Stephen Roberts	Machine Learning, Bayesian Inference, Complex Systems, Finance, Astrostatistics	N/A	N
iTNcAakAAAAJ	Michael A Osborne	Machine Learning, Technological Change, Probabilistic Numerics, Bayesian Optimization, Gaussian Processes	N/A	N
FKbHXRUAAAAJ	Juan E. Gilbert	Human-Centered Computing, Voting Systems, Electronic Voting, Broadening Participation in Computing, UX	N/A	N
k85-_6YAAAAJ	Jerone Dunbar	User Experience for Semi-Autonomous cars, Human Factors, User-Centered Design, Human-Computer Interaction, Vehicle Infotainment	N/A	N
dxY9AtsAAAAJ	Anzu Hakone	Visual Analytics, Human Computer Interaction, Medical Risk Communication	N/A	N
KvPSD8EAAAAJ	Huahai Yang	Human-Computer Interaction, Information Visualization, Computational Psychology, Natural Language Processing	N/A	N
z8NwFvcAAAAJ	Krysta Chauncey	N/A	N/A	N
C2lVQO8AAAAJ	Daniel Afergan	HCI, brain-computer interfaces, adaptive interfaces, fNIRS, virtual environments	N/A	N
8zeXprkAAAAJ	Eli T. Brown	Visualization, Machine Learning	N/A	N
1sMNiJIAAAAJ	Richard Souvenir	Computer Science, Computer Vision	N/A	N
_ZIAy3cAAAAJ	Alex Endert	human-computer interaction, information visualization, visual analytics	N/A	N
FWjqglcAAAAJ	Robert Jacob	Human-computer interaction	N/A	N
MjoZWO8AAAAJ	Beste Filiz Yuksel	Human-Computer Interaction, Brain-Computer Interfaces, Virtual Reality, Affective Computing, Music and Computing	N/A	N
0RPdShUAAAAJ	Lane Harrison	information visualization, visual analytics	N/A	N
VDhnOHEAAAAJ	Caroline Ziemkiewicz	Visualization, Human-Computer Interaction	N/A	N
xWnnHzYAAAAJ	R. Jordan Crouser	Visualization, Visual Analytics, HCI, Machine Learning	N/A	N
H4TdGyYAAAAJ	Evan M. Peck	Human-Computer Interaction, Visualization	N/A	N
Q29WmWwAAAAJ	Remco Chang	Visual Analytics, Information Visualization, Human Computer Interaction, Database	N/A	N
WRlzk3UAAAAJ	I-Ting Angelina Lee	runtime system, parallel computing, parallel programming, software systems	CS	Y
PGSzSnYAAAAJ	Justin Deters	parallel computing	N/A	N
0o1C8ykAAAAJ	Joseph Devietti	computer architecture, programming languages	N/A	N
o3wWRZMAAAAJ	Milind Kulkarni	Compilers, Programming Languages	N/A	N
V0XEUMAAAAAJ	Aamir Shafi	Parallel Computing, Multicore Computing, Data Center Computing	N/A	N
TWXJxcAAAAAJ	Sameh Elnikety	N/A	N/A	N
SB3_eb0AAAAJ	He Yuxiong	Algorithm, parallel processing, computer systems, scheduling	N/A	N
Rt1a5-6vh4UC	Kathryn S McKinley	Programming Language Implementation	N/A	N
rE1Y8DoAAAAJ	Zhiyi Huang	Parallel Computing	N/A	N
kIKfrfQAAAAJ	Yifan Xu	Parallel Computing	N/A	N
NafmldkAAAAJ	Bradley Kuszmaul	N/A	N/A	N
3naoCC8AAAAJ	Robert Utterback	Parallel Computing	N/A	N
XTakCM0AAAAJ	Tao B. Schardl	software performance engineering, parallelism, programming-language technologies, dynamic-analysis tools, algorithms	N/A	N
gWBoNCsAAAAJ	Charles E. Leiserson	computer science and engineering, mathematics	N/A	N
Qu_xQjYAAAAJ	Brian Kocoloski	High Performance Computing, Operating Systems, Virtualization, Cloud Computing	CS	Y
DqCFHY8AAAAJ	Caitlin Kelleher	Human Computer Interaction	CS	Y
rYSLt_sAAAAJ	Clifton Forlines	Human-Computer Interaction, User Experience, Human Factors, Cognitive Support Tools	N/A	N
e2aDUp4AAAAJ	David Culyba	Game Design, Computer Science Education	N/A	N
2K_KqskAAAAJ	Franklyn A Turbak	programming language design and implementation, visual programming languages, blocks programming languages, program visualizatio	N/A	N
83an8lYAAAAJ	Jeff Gray	Computer Science, Software Engineering	N/A	N
WrnEVwQAAAAJ	Amanda Lazar	Human Computer Interaction, Health Informatics, Aging, Biomedical Informatics	N/A	N
FreXC9IAAAAJ	Rachel Proffitt	Virtual Reality, Occupational Therapy	N/A	N
8Qu_gAMAAAAJ	Sara Kiesler	human-computer interaction, collaboration, human-robot interaction, social computing, online communities	N/A	N
rRwTHzwAAAAJ	Kyle J. Harms	Human Computer Interaction, Computer Science Education	N/A	N
_cFhtU4AAAAJ	Michelle Ichinco	Human-Computer Interaction	N/A	N
HleefHQAAAAJ	Gazihan Alankus	N/A	N/A	N
3qYUSDwAAAAJ	Ulugbek S. Kamilov	Computational Imaging, Optimization, Inverse Problems, Biomedical Imaging	CS	Y
UhQJOB4AAAAJ	Yanting Ma	optimization, applied probability, computational sensing	N/A	N
MEc0TowAAAAJ	Juan Castorena	Machine learning, Robotics, Optimization, Signal Processing, Autonomous vehicles	N/A	N
KEucBooAAAAJ	JIAMING LIU	Computational Imaging, Deep Learning, Model Based	N/A	N
aPxDp7wAAAAJ	Laura Waller	N/A	N/A	N
1dxAw1cAAAAJ	Hsiou-Yuan Liu	Computational Optics, Deep Learning	N/A	N
MCClSvsAAAAJ	Alyson "Allie" K. Fletcher	Statistics, computational neuroscience, applied mathematics, machine learning, information theory	N/A	N
Js_zdpYAAAAJ	Aurélien Bourquard	Signal and Image Processing, Compressed Sensing, Optimisation, Computational Optics, Translational Medicine	N/A	N
wNIKmGoAAAAJ	Brendt Wohlberg	computational imaging, image processing, sparse representations, image restoration, inverse problems	N/A	N
w7Mnkc4AAAAJ	Ioannis N. Papadopoulos	biomedical imaging, neurophotonics, imaging through scattering media	N/A	N
nM77MX0AAAAJ	Vivek K Goyal	Signal Processing, Computational Imaging, Information Theory, Mathematical Signal Processing, Quantization	N/A	N
3ekS0ucAAAAJ	Arash Amini	Statistical Signal Processing	N/A	N
fzSHXS8AAAAJ	Sundeep Rangan	wireless communications, 5G, cellular wireless, estimation, graphical models	N/A	N
cza7nLcAAAAJ	Alexandre Goy	Optics, microscopy, imaging, tomography	N/A	N
mDoQWSwAAAAJ	Morteza Hasani Shoreh	Machine Learning, Deep Learning, Image Processing, Biomedical Imaging	N/A	N
-CVR2h8AAAAJ	Demetri Psaltis	Optics	N/A	N
chP1Vc0AAAAJ	Emrah Bostan	Computational Imaging, Machine Learning, Computer Vision	N/A	N
6yoY1d8AAAAJ	Dehong Liu	Signal processing, compressive sensing, computational imaging	N/A	N
cilyP7wAAAAJ	Petros Boufounos	Signal processing, Compressive Sensing, Machine Learning, Embeddings	N/A	N
ocXMyBcAAAAJ	Hassan Mansour	Computational Imaging, Optimization, Sparse Recovery, Image/Video Analytics, Machine Learning	N/A	N
nKVDcQoAAAAJ	Michael Unser	image processing, wavelets, splines, biomedical imaging, inverse problems	N/A	N
5wppdUoAAAAJ	Brendan Juba	Theoretical Computer Science, Artificial Intelligence	CS	Y
JsK4KpMAAAAJ	Tao Ju	Computer graphics, bio-medical imaging and modeling	CS	Y
3xlmctcAAAAJ	Uday Kurkure	Image analysis, computer vision, pattern recognition	N/A	N
-p_HMIUAAAAJ	Yen H. Le	Biomedical Image Analysis, Computer Vision, Machine Learning, Pattern Recognition.	N/A	N
gyL3CZ0AAAAJ	Chandrajit Bajaj	Comp. Math., Data Sciences, Image Processing, Geometric Modeling, Structural Bioinformatics and Visualization	N/A	N
v4s6ll8AAAAJ	Corey Hryc	Structural Biology, Structure Function, Molecular Modeling, Computational Methods	N/A	N
W2XJUmUAAAAJ	Kun Xu	Computer Graphics, Image Editing, Rendering	N/A	N
T7wzSQoAAAAJ	Hang Dou	computer graphics, 3D vision, visualization	N/A	N
zfTbkBkAAAAJ	Qian-Yi Zhou	computer vision, computer graphics	N/A	N
xPoCswkAAAAJ	Fred Prior	quantitative imaging, informatics	N/A	N
fAxws1sAAAAJ	Daniel Cohen-Or	Graphics, Imaging, Geometric Modeling	N/A	N
xEFh0AgAAAAJ	Nathan Carr	Computer Graphics	N/A	N
3JRh4RUAAAAJ	Erin Chambers	Algorithms, Computational Topology and Geometry, Graph Theory	N/A	N
xhpI-OoAAAAJ	Sasakthi Abeysinghe	Graphics, Biomedical Imaging, Computer Vision	N/A	N
3hrNqygAAAAJ	David Letscher	Computational topology, 3-manifold algorithms	N/A	N
36SCzI0AAAAJ	Ioannis A. Kakadiaris	biometrics, computer vision, image analysis, deep learning, \ biomedical computing	N/A	N
hgZgvkUAAAAJ	Matthew Baker	Computational Biology	N/A	N
LDb4tb0AAAAJ	Shi-Min Hu	Geometry processing, Geometric Modeling, Computer Graphics, Image and Video processing, Computer Aided Design	N/A	N
cGCalUQAAAAJ	James P. Carson	Bioimage Informatics, Tissue imaging, Image Processing, Scientific Workflows, Science Gateways	N/A	N
tIgxLTUAAAAJ	Scott Schaefer	Computer Graphics	N/A	N
QgGaAdsAAAAJ	Wah Chiu	cryo-electron microscopy and tomography, structural biology	N/A	N
runT3RsAAAAJ	Raj Jain	Network Security, Blockchains, Unmanned Aircraft Systems, Wireless and Mobile Networks, Performance Analysis	CS	Y
CPqBDqUAAAAJ	Mohammed Atiquzzaman	Computer Networking, Wirelss Networks, Mobile Networks, Space Communications, Vehicular Communications	N/A	N
ITwqf1gAAAAJ	Hitay Özbay	Systems and Control	N/A	N
T1P0XnIAAAAJ	Sriram Chellappan	Social Computing, Smart Health, Cyber Security	N/A	N
wuOltBEAAAAJ	Jinjing Jiang	Communication Networks, Information Theory and Mathematics	N/A	N
9s9o-JcAAAAJ	David Clark	Computer networks, Internet, network performance, policy	N/A	N
QRyCQq4AAAAJ	Srini Seetharaman	Software-defined Networking	N/A	N
iJakSYUAAAAJ	Mahbub Hassan	IoT (Internet of Things), 6G Wireless Networks, Mobile Networking, Pervasive Computing and Communication, UAV Wireless Networkin	N/A	N
GBGCjpQAAAAJ	vamsi paruchuri	Networks, Security, Wireless, Vehicular, VANETs	N/A	N
HhKyc4EAAAAJ	Chunlei Liu	Computer Networks, Wireless Networks, Scientific Computing	N/A	N
6Pmbv8IAAAAJ	Aiman Erbad	Cloud computing, Distributed Systems, Networks, Security	N/A	N
iqiEX78AAAAJ	Mohammed Samaka	Problem-Based Learning, Elearning, Networking and Cloud Computing	N/A	N
wTulq9QAAAAJ	Lav Gupta	Multi-cloud security, AI in Network Performance Management, Network Function Virtualization, Security of Networks	N/A	N
Da-s1FQAAAAJ	K. K. Ramakrishnan	Computer Networking and Communications	N/A	N
oVygx30AAAAJ	Abdel-Karim Al-Tamimi	Multimedia Systems, Computer Networks, Data Modeling and Simulation, Computer Security, AI	N/A	N
0jtFgaAAAAAJ	Chakchai So-In	Computer Networks, Wireless Networks, Mobile Computing, Internet of Things, Wireless Sensor Networks	N/A	N
6foKsAIAAAAJ	Dah Ming Chiu	computer networks, network economics, measurement, data analytics	N/A	N
l9QQeHgAAAAJ	Jianli Pan	Internet of Things (IoT), Edge Computing, Machine Learning, Cybersecurity, Blockchain	N/A	N
oN85b_gAAAAJ	Subharthi Paul	Computer Networking, Software Defined Networks, Application Delivery Networking, Next Generation Internet Architecture, Cloud Co	N/A	N
MrVb9FkAAAAJ	Arjan Durresi	Network Architectures and Protocols, Security, Trust Management	N/A	N
RJCmtBcAAAAJ	Shivkumar Kalyanaraman	networking, traffic management, clean energy & transportation, sustainability	N/A	N
DWKoeW0AAAAJ	Chien-Ju Ho	Crowdsourcing, Artificial Intelligence, Machine Learning, Algorithmic Economics	CS	Y
UK-VpDoAAAAJ	Siddharth Suri	Gig Economy, Crowdsourcing, Behavioral Economics, Social Networks	N/A	N
DZ3S--MAAAAJ	Mihaela van der Schaar	machine learning, for medicine and education, data science and decisions, game theory, networks and multimedia	N/A	N
HRSDO6IAAAAJ	Sanmay Das	Artificial Intelligence, Computational Social Science, Machine Learning, Algorithmic Game Theory, Matching	CS	Y
Dl0vAp8AAAAJ	Jeff Trinkle	robotics, physical simulation, multibody dynamics, grasping, motion planning	N/A	N
Q5KT-hEAAAAJ	Volkan Isler	Robotics, Agricultural Robotics, Sensor Networks, Computer Vision, Geometric Algorithms	N/A	N
3XYmsKQAAAAJ	Mukkai Krishnamoorthy	Algorithms, Software Systems, Open Source Software	N/A	N
bWTPrLEAAAAJ	John Tsitsiklis	systems and control, optimization, stochastic systems, stochastic networks, operations research	N/A	N
PfgeYGwAAAAJ	Sarit Kraus	Artificial Intelligence, Multi-agent Systems (including people and robots)	N/A	N
QgDpfCQAAAAJ	John P. Dickerson	Artificial Intelligence, Game Theory, Dynamic Optimization, Mechanism Design	N/A	N
-DVbMb4AAAAJ	Onn Shehory	Artificial Intelligence, Software Engineering, Multiagent Systems, Electronic Commerce, Coalition Formation	N/A	N
T_r8IWQAAAAJ	william wallace	N/A	N/A	N
sPbWHscAAAAJ	Akhtar Siddique	Stress testing, financial institutions, asset pricing, quantitative methods	N/A	N
im5aMngAAAAJ	Charles Elkan	Machine Learning, Data Science, Finance, Computational Biology	N/A	N
XdI8DgEAAAAJ	Emir Kamenica	information economics	N/A	N
2OJOZTUAAAAJ	Boleslaw Szymanski	social networking, communication networks, social informatics, social network analysis, network science	N/A	N
Qp5971IAAAAJ	Elliot Anshelevich	Algorithms, Algorithmic Game Theory	N/A	N
SnvLcLEAAAAJ	David Sarne	Artificial Intelligence	N/A	N
VQshP6UAAAAJ	Mithun Chakraborty	Algorithmic Economics, Multi-agent Systems, Machine Learning	N/A	N
edyidxgAAAAJ	Meenal Chhabra	AI	N/A	N
jKrIVCIAAAAJ	Yang Liu	crowdsourcing, machine learning, incentive and consensus	N/A	N
ZtQVZawAAAAJ	Rafael Frongillo	Algorithmic economics, machine learning, information elicitation, dynamical systems	N/A	N
4xHzvxkAAAAJ	Kwei-Jay Lin	N/A	N/A	N
SjjIQ24AAAAJ	Yu Zhang	Online Reputation Management, Mechanism Design, Network Economics, Social Network Analysis, Game Theory	N/A	N
FDu4ciwAAAAJ	Jacob Abernethy	Machine Learning, Game Theory, Sequential Decision Making	N/A	N
Y_Ieu7EAAAAJ	Bo Waggoner	Theoretical Computer Science and Machine Learning, Algorithmic Microeconomics	N/A	N
x_7xA0UAAAAJ	Yiling Chen	Social computing, prediction markets and other information aggregation mechanisms, peer production, algorithmic game theory, auction theory	N/A	N
h60zIiUAAAAJ	Shahin Jabbari	N/A	N/A	N
f2x233wAAAAJ	Aleksandrs Slivkins	Algorithms, machine learning theory, algorithmic economics, social network analysis	N/A	N
mgva3UgAAAAJ	Kuan-Ta Chen	Quality of Experience, Multimedia Systems, Crowdsourcing, Computational Social Science	N/A	N
KBRHCEEAAAAJ	Tsung-Hsiang Chang	N/A	N/A	N
FEj19lcAAAAJ	Jane Yung-jen Hsu	Artificial Intelligence, Activity Recognition, Human Computation	N/A	N
YRPveMcAAAAJ	Jennifer Wortman Vaughan	FATE, Machine Learning, Algorithmic Economics	N/A	N
54w2_AcAAAAJ	Roch Guerin	networking, protocols, network economics, computer science	CS	Y
13gSrSQAAAAJ	Gary Delp	Electronics, Architecture, Standards, Negotiation, Technology transfer	N/A	N
gUEkPQEAAAAJ	Phillip Rogaway	cryptography, privacy, ethics and technology	N/A	N
2pW1g5IAAAAJ	Mihir Bellare	Cryptography, Security, Theory	N/A	N
UYZGdYwAAAAJ	Kartik Hosanagar	e-commerce, Internet marketing, Internet media, personalization, search engines	N/A	N
_tCANFgAAAAJ	Rute C. Sofia	networking, network architectures, IoT, mobility, computer science	N/A	N
R-XGnpcAAAAJ	Antoni B. Przygienda	Networking, Automation, Routing, IP	N/A	N
3DtMaPEAAAAJ	Soumya Sen	Internet economics, Information Systems	N/A	N
tFjo6FwAAAAJ	Ashwin Sridharan	Networks, Data, Optimization, Algorithms	N/A	N
97MiT_0AAAAJ	Mahmoud Naghshineh	cloud, mobile, analytics, consulting, business development	N/A	N
p7XFn7MAAAAJ	Inder Gopal	Networking, Cloud Computing, IOT	N/A	N
bOKmjf8AAAAJ	lixin Gao	Internet Routing, Multimedia Communication, Cloud Computing	N/A	N
2X6fAZgAAAAJ	Zhi-Li Zhang	Networking, Internet Techology, Systems, Data Mining & Machine Learning, Theory	N/A	N
VVpfyhsAAAAJ	Kumar N. Sivarajan	N/A	N/A	N
IIhYQ7oAAAAJ	Shu Tao	Network, Cloud Computing, Data Mining	N/A	N
5c38WVcAAAAJ	Carl Kesselman	computer science, medicine, bioinformatics	N/A	N
VGoSakQAAAAJ	Ian T. Foster	Computer science, computational science, distributed computing, data science	N/A	N
azcMaLoAAAAJ	Israel Cidon	networks, distributed systems, network on chip	N/A	N
HaNGX5gAAAAJ	Ariel Orda	Networking, Network Economics, Quality of Service, Network Resilience, Routing	N/A	N
GjFfiVwAAAAJ	Leonidas Georgiadis	N/A	N/A	N
fAw_t5EAAAAJ	Roger Chamberlain	Computer Engineering, Hybrid Computing, Computational Science	CS	Y
3Zg-7o4AAAAJ	Gregory D. Peterson	Computer architecture, computational science, reconfigurable computing, high performance computing, computational accelerators	N/A	N
s4oOVCsAAAAJ	Jonathan C. Beard	Heterogeneous Systems, HPC, Compilers, Languages, Compute Near Data	N/A	N
8Cfwia0AAAAJ	LIN MA	Parallel Computing, Programming and Performance Model for Many-core (GPUs) and Heterogeneous Architectures.	N/A	N
kJ_03NMAAAAJ	Arpith Jacob	N/A	N/A	N
0v5utcwAAAAJ	Ayan Chakrabarti	Computer Vision, Computational Photography, Machine Learning	CS	Y
MxantswAAAAJ	Charles Schaff	Machine Learning, Artificial Intelligence, Robotics	N/A	N
RAiewnEAAAAJ	Matthew R. Walter	Robotics, Computer Vision, Artificial Intelligence, Probabilistic Robotics, Natural Language Processing	N/A	N
bpSF_9EAAAAJ	Srinadh Bhojanapalli	Machine learning, Algorithms	N/A	N
e1ucbCYAAAAJ	Behnam Neyshabur	Machine Learning, Optimization, Deep Learning	N/A	N
KzSKtNUAAAAJ	Baochen Sun	Computer Vision, Machine Learning, Deep Learning	N/A	N
j7uL6VEAAAAJ	Kalyan Sunkavalli	Computer Graphics, Computer Vision, Computational Photography, Machine Learning	N/A	N
Sl_2kHcAAAAJ	Igor Vasiljevic	computer vision	N/A	N
d6vuvHIAAAAJ	Ronen Basri	Computer Vision	N/A	N
WH2KmRgAAAAJ	David W. Jacobs	Computer Vision	N/A	N
9xDADY4AAAAJ	Kate Saenko	Computer Vision, Machine Learning, Artificial Intelligence	N/A	N
bh-uRFMAAAAJ	Trevor Darrell	Computer Vision, Artificial Intelligence	N/A	N
mZxsTCcAAAAJ	Rama Chellappa	Computer Vision, Pattern Recognition, Image Processing, Signal Processing, Artificial Intelligence	N/A	N
jXTZEw4AAAAJ	A N Rajagopalan	Image Processing and Computer Vision	N/A	N
66qppJsAAAAJ	Steven J. Gortler	N/A	N/A	N
YLOz1kgAAAAJ	Greg Shakhnarovich	Computer Vision, Machine Learning	N/A	N
JepH3ckAAAAJ	Daniel Scharstein	Computer Vision, Robotics	N/A	N
0zZnyMEAAAAJ	William T. Freeman	computer vision, computational photography	N/A	N
1c5IZ0QAAAAJ	Ying Xiong	Computer Vision, Machine Learning, Computer Graphics	N/A	N
aN4IwM4AAAAJ	Keigo Hirakawa	N/A	N/A	N
oizZKrsAAAAJ	Todd Zickler	Computer Vision	N/A	N
rynvwScAAAAJ	Aaron Bobick	Computer Vision - Robotics	CS	Y
G5_VFfkAAAAJ	Tucker Hermans	Robotics, Manipulation, Robot Learning, Motion Planning, Artificial Intelligence	N/A	N
Q_4d9N0AAAAJ	Greg Turk	Computer Graphics, Robotics, Scientific Visualization, Biological Simulation	N/A	N
gdD2E9QAAAAJ	Raffay Hamid	N/A	N/A	N
H7vcwSAAAAAJ	Vivek Kwatra	Computer Vision, Image and Video Processing	N/A	N
8kA3eDwAAAAJ	James M. Rehg	computer vision, robotics, machine learning, human-computer interaction, parallel and distributed computing	N/A	N
YPq3ax4AAAAJ	Claudio Pinhanez	Artificial Intelligence, Social Networks, HCI, Ubiquitous Computing	N/A	N
XM97iScAAAAJ	Irfan Essa	Computer Vision, Computer Graphics, Machine Learning, Artificial Intelligence, Robotics	N/A	N
qi7fvXoAAAAJ	Andrew Wilson	Human Computer Interaction	N/A	N
umwcZdgipNoC	Hila Ben Abraham	N/A	CS	Y
qC7oNRUAAAAJ	Sanjoy Baruah	N/A	CS	Y
FtbGhBQAAAAJ	Johannes Gehrke	Database systems, data science, distributed systems, data mining	N/A	N
E1jnOcUAAAAJ	Enrico Bini	Real-Time Systems, Scheduling, Cyber-Physical Systems, Control Systems, Operating Systems	N/A	N
J12C3nYAAAAJ	Kevin Jeffay	networking, operating systems, multimedia computing	N/A	N
xjVBcr4AAAAJ	Rob Davis	Real-Time Systems, Scheduling, Embedded Systems, Multiprocessor, Networks	N/A	N
e3_l6fwAAAAJ	Zhishan Guo	Real-Time Systems, Machine Learning, Cyber-Physical Systems	N/A	N
_4i-G3YAAAAJ	Theodore P. (Ted) Baker	real-time systems, the Ada programming language	N/A	N
rnBRPpQAAAAJ	Giuseppe Lipari	Computer Science	N/A	N
M6urChQAAAAJ	Aloysius Mok	Real-time Systems, Cyber-physical Systems, Wireless Communication	N/A	N
FlZ-5sMAAAAJ	Gianlorenzo D'Angelo	N/A	N/A	N
33CH6WUAAAAJ	Giorgio Buttazzo	Real-Time Systems	N/A	N
fZ2nbwsAAAAJ	Haohan Li	Real-time Systems	N/A	N
qk0hejcAAAAJ	Leen Stougie	Optimization, Approximation Algorithms, Computational Biology	N/A	N
6qfyAZQAAAAJ	Shelby Funk	real-time systems, real-time scheduling, energy efficient systems, multiprocessor systems	N/A	N
mIZu9oQAAAAJ	James H. Anderson	Real-Time Systems, Distributed Computing, Parallel Computing.	N/A	N
mlw_NjoAAAAJ	Vincenzo Bonifaci	Algorithms, Theoretical Computer Science	N/A	N
jTzDAsIAAAAJ	Joël Goossens	real-time systems, scheduling, embedded, multiprocessor	N/A	N
xITAf6EAAAAJ	Alberto Marchetti-Spaccamela	Algorithms, Real-time systems, Bioinformatics, Security	N/A	N
ZRrTqs8AAAAJ	Marko Bertogna	Real-Time Systems, Multiprocessor Systems, Algorithms	N/A	N
30pCSfEAAAAJ	Nathan Fisher	Real-Time Systems, Approximation Algorithms, Power-Aware Systems	N/A	N
KQm_HnIAAAAJ	Alan Burns	Real-Time Systems, scheduling, programming languages	N/A	N
wY-Wy6IAAAAJ	Philip Bayly	Biomechanics, waves, oscillations	MEMS	Y
